term;Estimate;Std..Error;z.value;Pr...z..;bt_mean;bt_sd;coef_raw;coef;ICinf;ICsup;VIF;res
year;0.259169591320967;0.0386902111254683;6.69858302092246;2.10450151448777e-11;2015.02473122593;4.55714780941142;1.29585355170955;1.05851926148916;1.04105112815281;1.07628049828028;1.0180506749215;Barbar_sorting_0_Coefs.csv
year;0.0904246788506784;0.038460059085957;2.35113208350986;0.0187163887047127;2015.5914490876;4.26057859697465;1.09463905506475;1.02145038955977;1.00353729907246;1.03968322781441;1.02100279293461;Barbar_sorting_23_Coefs.csv
year;0.0985562236014523;0.0386635062141438;2.54907620264917;0.0108008696828577;2015.59041942605;4.26202702063452;1.10357644969265;1.02339369918379;1.00535851021558;1.04175242253084;1.02137580423427;Barbar_sorting_45_Coefs.csv
year;0.222232197743582;0.0582188556942804;3.81718594591708;0.000134982440327434;2015.96827450429;4.28047253415115;1.24886132698239;1.05328903082972;1.02558188114699;1.08174471766746;5.36798626496015;Barbar_sorting_60_Coefs.csv
year;0.180772047738941;0.0423501337764764;4.26851184681149;1.96781378452673e-05;2015.59041942605;4.26202702063452;1.19814202897719;1.0433269222075;1.02320428375508;1.06384529842677;1.02728672109894;Barbar_sorting_custom_Coefs.csv
year;0.773911898107316;0.145756686016848;5.30961508014708;1.09857000547819e-07;2017.2866927593;3.70941033086356;2.16823158626903;1.23199493055203;1.14067522798828;1.33062546784921;1.39346076317226;Barbar_sorting_customARA_Coefs.csv
year;0.260722853007824;0.0607571867093211;4.29122655489619;1.77688913871918e-05;2016.05134424904;3.29438980040991;1.29786791539518;1.08235743282227;1.04393225238624;1.12219697179371;1.03001744192937;Barbar_sorting_customBRETAGNE_Coefs.csv
year;-0.230649316473011;0.0824120245953448;-2.79873377223207;0.00513034176178623;2015.01417570879;4.52036742386042;0.794017866203026;0.950255424967845;0.916899794102876;0.984824490624223;1.02948304594055;Barbar_sorting_customCENTRE_Coefs.csv
year;0.137711503973838;0.145012179802659;0.949654740458659;0.342287714013893;2013.43108384458;4.33591732648538;1.14764441165818;1.03227039022844;0.966775286515899;1.10220252152137;1.30478130956706;Barbar_sorting_customNORMANDIE_Coefs.csv
year;0.174202651080673;0.0203636266009913;8.55459857391968;1.18279611704673e-17;2015.02473122593;4.55714780941142;1.19029675630477;1.03896626776397;1.02990662363831;1.04810560566943;1.00547687123199;Eptser_sorting_0_Coefs.csv
year;0.174202651080673;0.0203636266009913;8.55459857391968;1.18279611704673e-17;2015.02473122593;4.55714780941142;1.19029675630477;1.03896626776397;1.02990662363831;1.04810560566943;1.00547687123199;Eptser_sorting_0_RP0_PF0_Coefs.csv
year;0.140779275676521;0.0251063667240539;5.60731376323136;2.05490936719814e-08;2015.02473122593;4.55714780941142;1.15117052860448;1.03137407903836;1.02029732697813;1.04257108470797;1.00830627434018;Eptser_sorting_0_RP20_PF50_Coefs.csv
year;0.137574731591382;0.0263156093132733;5.22787559100869;1.71468821154661e-07;2015.02473122593;4.55714780941142;1.1474874563316;1.03064908128474;1.01904999232156;1.04238019406008;1.009185517218;Eptser_sorting_0_RP35_PF50_Coefs.csv
year;0.129205271869019;0.0273868674935775;4.71778205007635;2.38429720911305e-06;2015.02473122593;4.55714780941142;1.13792368391469;1.02875797304453;1.01671162659678;1.0409470487175;1.00989440398971;Eptser_sorting_0_RP50_PF50_Coefs.csv
year;-0.0342195674593042;0.0193190467984968;-1.77128653479771;0.0765130654553191;2015.5914490876;4.26057859697465;0.966359300285435;0.992000496249717;0.983223443857686;1.00085589975225;1.00559463206368;Eptser_sorting_23_Coefs.csv
year;-0.0342195674593042;0.0193190467984968;-1.77128653479771;0.0765130654553191;2015.5914490876;4.26057859697465;0.966359300285435;0.992000496249717;0.983223443857686;1.00085589975225;1.00559463206368;Eptser_sorting_23_RP0_PF0_Coefs.csv
year;-0.0765403398696176;0.0239771322645927;-3.19222244866395;0.00141182556962111;2015.5914490876;4.26057859697465;0.926315546086759;0.982195628666694;0.971421508718639;0.993089245310687;1.00845351793703;Eptser_sorting_23_RP20_PF50_Coefs.csv
year;-0.0816352963617826;0.0252368600096141;-3.23476440138286;0.00121743142298969;2015.5914490876;4.26057859697465;0.921608011207535;0.981021785033979;0.969698434798952;0.992477360150417;1.00935870191126;Eptser_sorting_23_RP35_PF50_Coefs.csv
year;-0.0952288516754356;0.0264139398486046;-3.60524981207854;0.000311852800077388;2015.5914490876;4.26057859697465;0.909164846760101;0.977896781622387;0.96608623978119;0.989851709019282;1.01011217597732;Eptser_sorting_23_RP50_PF50_Coefs.csv
year;-0.028404459162572;0.0193674219784086;-1.46661022795074;0.142482116104868;2015.59041942605;4.26202702063452;0.971995154941146;0.99335761655526;0.984549627588696;1.00224440365191;1.00563257532498;Eptser_sorting_45_Coefs.csv
year;-0.028404459162572;0.0193674219784086;-1.46661022795074;0.142482116104868;2015.59041942605;4.26202702063452;0.971995154941146;0.99335761655526;0.984549627588696;1.00224440365191;1.00563257532498;Eptser_sorting_45_RP0_PF0_Coefs.csv
year;-0.0733867462275646;0.0240056992321998;-3.05705514001975;0.00223523153875456;2015.59041942605;4.26202702063452;0.929241379924105;0.982928652747177;0.972137364986442;0.993839730051786;1.00849671310863;Eptser_sorting_45_RP20_PF50_Coefs.csv
year;-0.07883863961275;0.0252686302691457;-3.12002030869936;0.00180838571576406;2015.59041942605;4.26202702063452;0.924189039915471;0.981672115374245;0.970330910465776;0.993145876019513;1.00940817982582;Eptser_sorting_45_RP35_PF50_Coefs.csv
year;-0.0931085178515517;0.026451015186542;-3.52003570354171;0.000431488711061231;2015.59041942605;4.26202702063452;0.91109462490011;0.978390832390709;0.966561835342255;0.990364595315546;1.01016715281768;Eptser_sorting_45_RP50_PF50_Coefs.csv
year;-0.0940575158299884;0.0284378437032681;-3.30747706511867;0.000941404201605927;2015.96827450429;4.28047253415115;0.910230408077783;0.978266032468644;0.965610350557674;0.991087584893056;1.13090853384491;Eptser_sorting_60_Coefs.csv
year;-0.0884172555145704;0.029011928312464;-3.04761733044076;0.00230663458000641;2015.96827450429;4.28047253415115;0.915378850154374;0.979555916208808;0.966629421105671;0.992655274119557;1.16406394162941;Eptser_sorting_60_RP0_PF0_Coefs.csv
year;-0.172838763453014;0.0353929846905826;-4.8834187046961;1.04262147048612e-06;2015.96827450429;4.28047253415115;0.84127324790339;0.960425915750136;0.944986775315269;0.976117299987344;1.21208067977878;Eptser_sorting_60_RP35_PF50_Coefs.csv
year;-0.18271235571108;0.0375751620756482;-4.86258330285401;1.15863592097635e-06;2015.96827450429;4.28047253415115;0.833007731195687;0.958213093367117;0.941867952944488;0.974841886731329;1.21899683189131;Eptser_sorting_60_RP50_PF50_Coefs.csv
year;-0.0938871994154217;0.0274947802813252;-3.41472812129331;0.000638457053066974;2015.59041942605;4.26202702063452;0.910385448459903;0.978212094595823;0.965921511939182;0.990659065137166;1.01136025900795;Eptser_sorting_custom_Coefs.csv
year;0.182061553223324;0.128262846743113;1.41944107624525;0.155770464134473;2017.2866927593;3.70941033086356;1.19968803627284;1.05030541772265;0.98148354116376;1.12395310184168;1.32393182764663;Eptser_sorting_customARA_Coefs.csv
year;0.341001010327886;0.073064247144303;4.6671391775844;3.05422454980319e-06;2016.05134424904;3.29438980040991;1.40635466174078;1.10905645366906;1.06187984400628;1.15832899962053;1.07992912034844;Eptser_sorting_customBRETAGNE_Coefs.csv
year;0.0177824014569234;0.0727066906398062;0.244577236296157;0.806783791629681;2015.01417570879;4.52036742386042;1.01794144971233;1.00394158754258;0.972786448510475;1.03609452284291;1.02308194132976;Eptser_sorting_customCENTRE_Coefs.csv
year;-0.469276251183172;0.143773344448776;-3.26400038186751;0.00109851017386402;2016.31732867743;3.7939449604736;0.625454776666336;0.8836529859952;0.820398887886111;0.951784078681772;1.06728356369458;Eptser_sorting_customHDF_Coefs.csv
year;-0.254083719717258;0.0593400954553969;-4.28182189070189;1.85369330920102e-05;2013.2139561707;4.30956022024711;0.775626864066462;0.942746217488123;0.917644057976375;0.968535046745811;1.02633218850562;Eptser_sorting_customILE-DE-FRANCE_Coefs.csv
year;-0.36274538744743;0.0879810497450881;-4.12299453687391;3.73978571535358e-05;2013.43108384458;4.33591732648538;0.695763561084958;0.919743376251181;0.883882940005299;0.957058723356342;1.04860394780606;Eptser_sorting_customNORMANDIE_Coefs.csv
year;0.319556819301567;0.112909497407583;2.83020318607942;0.00465184513360642;2017.30296479308;3.14178669566807;1.37651758311179;1.10706438363335;1.03176883752521;1.18785478387696;1.0940036977519;Eptser_sorting_customOCCITANIE_Coefs.csv
year;0.239068794105793;0.0704175467227585;3.39501736757505;0.000686242472383874;2015.02473122593;4.55714780941142;1.27006590662687;1.05386059645334;1.02242228579992;1.08626559904069;1.01588175732311;Hypsav_sorting_0_Coefs.csv
year;0.0166897732520787;0.0688556451287956;0.242387871333719;0.808479631493098;2015.5914490876;4.26057859697465;1.01682982558003;1.00392493757521;0.972623788450045;1.03623342576425;1.01518857512581;Hypsav_sorting_23_Coefs.csv
year;0.0449803730206449;0.069872984561109;0.643744836479775;0.519740910196317;2015.59041942605;4.26202702063452;1.04600732974298;1.01060963852217;0.978652647890778;1.04361015491566;1.01559326417862;Hypsav_sorting_45_Coefs.csv
year;0.132104369430598;0.0866904761556893;1.52386254279362;0.127543052124961;2015.96827450429;4.28047253415115;1.14122742230802;1.03134327136906;0.991206723545062;1.07310505279263;1.2106446236044;Hypsav_sorting_60_Coefs.csv
year;0.194423552756573;0.0920720737017191;2.11164520293566;0.0347168923332869;2015.59041942605;4.26202702063452;1.21461062570158;1.04667411300279;1.00328212612746;1.09194280482079;1.01575750512097;Hypsav_sorting_custom_Coefs.csv
year;0.859315543890076;0.218240379427574;3.93747273599866;8.23442843308775e-05;2016.05134424904;3.29438980040991;2.36154376735094;1.29802268758057;1.13997027150217;1.47798845250035;1.16574621977284;Hypsav_sorting_customBRETAGNE_Coefs.csv
year;0.156274275146991;0.128178594552322;1.21919167309329;0.222771451673481;2017.30296479308;3.14178669566807;1.16914682703611;1.05099840520187;0.970230095005489;1.13849039874466;1.0678740139423;Hypsav_sorting_customOCCITANIE_Coefs.csv
year;-0.56468075590492;0.128137193747779;-4.40684503374111;1.04887172032476e-05;2015.02473122593;4.55714780941142;0.568541621344076;0.883458462532776;0.836088362870544;0.933512400939403;1.59731083566702;Minsch_sorting_0_Coefs.csv
year;-0.548823329217203;0.119999494646163;-4.57354700397274;4.79536037106213e-06;2015.5914490876;4.26057859697465;0.577629089931327;0.879137231000088;0.831921831850502;0.929032321716244;1.58070465974419;Minsch_sorting_23_Coefs.csv
year;-0.548532257317695;0.120060162733467;-4.56881154272159;4.90497567019464e-06;2015.59041942605;4.26202702063452;0.57779724599931;0.879235762290917;0.83200746762547;0.929144936520309;1.58208979399967;Minsch_sorting_45_Coefs.csv
year;-0.543162470578124;0.120962488853106;-4.49033808520364;7.11102131099765e-06;2015.96827450429;4.28047253415115;0.5809082391987;0.880827819569934;0.83336795328903;0.930990500254142;4.0660882023294;Minsch_sorting_60_Coefs.csv
year;-0.54142238392674;0.125340651014102;-4.31960724271189;1.5630713632609e-05;2015.96827450429;4.28047253415115;0.581919949848227;0.881185964213783;0.832037147362726;0.93323802427401;3.16905099685515;Minsch_sorting_custom_Coefs.csv
year;-0.373744314491985;0.136142625127184;-2.74524098637612;0.00604664776522949;2017.56167284277;2.98067654074819;0.688152840045372;0.882153599999856;0.806613555586565;0.964768033716972;2.38722473082428;Minsch_sorting_customOCCITANIE_Coefs.csv
year;0.288108082481715;0.0337640467113109;8.53298435892755;1.42619975913566e-17;2015.02473122593;4.55714780941142;1.33390146771346;1.06526238596962;1.04990502516195;1.08084438474483;1.00925920211102;Myodau_sorting_0_Coefs.csv
year;0.135699829085197;0.0329457586288006;4.11888615509285;3.80708165538715e-05;2015.5914490876;4.26057859697465;1.14533804482207;1.03236273640382;1.01683441693764;1.04812819251823;1.01021540697424;Myodau_sorting_23_Coefs.csv
year;0.138823049378586;0.033081789394926;4.19635853796585;2.71240744767692e-05;2015.59041942605;4.26202702063452;1.14892077976938;1.03310834825709;1.0175104013743;1.04894540419137;1.01033816188602;Myodau_sorting_45_Coefs.csv
year;0.10506903664984;0.0500738828117454;2.09828019618233;0.0358804008845172;2015.59041942605;4.26202702063452;1.1107872927421;1.02495874486097;1.00162637645882;1.04883462871763;1.01760905793604;Myodau_sorting_custom_Coefs.csv
year;0.133782511247312;0.149442121341991;0.895212876034846;0.370673302956679;2017.2866927593;3.70941033086356;1.14314417160653;1.03672396570313;0.958011069994178;1.12190413527242;1.81238859421617;Myodau_sorting_customARA_Coefs.csv
year;0.507373953995582;0.101917617883939;4.97827524357337;6.41533825048637e-07;2016.05134424904;3.29438980040991;1.66092380065621;1.16650431539864;1.09787517548432;1.23942352302791;1.05847227061615;Myodau_sorting_customBRETAGNE_Coefs.csv
year;-0.343548932921694;0.139237680956181;-2.46735603869911;0.0136114941853964;2015.01417570879;4.52036742386042;0.709248774680533;0.926815999742765;0.872518337723825;0.98449265790798;1.07538010080669;Myodau_sorting_customCENTRE_Coefs.csv
year;0.30287249564336;0.167206136644144;1.81137188934607;0.070083304338225;2016.31732867743;3.7939449604736;1.35374184545462;1.08310345822013;0.993472669083311;1.18082070872755;1.009772918933;Myodau_sorting_customHDF_Coefs.csv
year;-0.0447296364106599;0.0929286552753341;-0.481333085883278;0.630279785733956;2013.2139561707;4.30956022024711;0.956255983686858;0.989674512707019;0.948719024289693;1.0323980188288;1.13239001637287;Myodau_sorting_customILE-DE-FRANCE_Coefs.csv
year;0.557755957817329;0.151992808685066;3.6696207053652;0.000242910619536282;2013.43108384458;4.33591732648538;1.74674832201495;1.13727631549403;1.06176320046269;1.21815995997982;1.23482162535591;Myodau_sorting_customNORMANDIE_Coefs.csv
year;0.106403732789628;0.0835833299619627;1.27302576767462;0.203008898309194;2015.02473122593;4.55714780941142;1.11227084608007;1.0236234722495;0.987479801456122;1.0610900713058;1.10863980399299;Myoema_sorting_0_Coefs.csv
year;0.0919498672238172;0.0782325695117586;1.17533998688356;0.239858722795616;2015.5914490876;4.26057859697465;1.0963098596463;1.02181611057689;0.985696053891766;1.05925975833228;1.12402222953702;Myoema_sorting_23_Coefs.csv
year;0.0911387155051611;0.0783092017966531;1.1638314963524;0.244492305375694;2015.59041942605;4.26202702063452;1.09542094658988;1.02161416347507;0.985478569206925;1.05907478013731;1.12482524114764;Myoema_sorting_45_Coefs.csv
year;0.0206588471529685;0.0827746300990156;0.249579456027242;0.802912587613386;2015.96827450429;4.28047253415115;1.020873718248;1.0048379659464;0.967466038142238;1.04365352167416;2.88352610144198;Myoema_sorting_custom_Coefs.csv
year;0.043500944815974;0.109110014565559;0.398688837034627;0.690122494129652;2016.30854392298;3.21461690435659;1.04446098113498;1.01362420802876;0.948387075859736;1.08334883641316;20.2177073117651;Myoema_sorting_customBRETAGNE_Coefs.csv
year;4.38777071810685;1.02001375285484;4.30167799779782;1.69509524930859e-05;2016.69756097561;3.66737760219215;80.4608489850251;3.30829437874925;1.91804178638202;5.70624257207084;18796173570.6198;Myoema_sorting_customHDF_Coefs.csv
year;-0.261037461170794;0.475142454845843;-0.549387785723097;0.582739354502467;2013.0753080785;4.59990411298122;0.770252064530466;0.944831705194634;0.771667933374597;1.15685376122484;4610.26620713021;Myoema_sorting_customILE-DE-FRANCE_Coefs.csv
year;0.166710006526065;0.0814784214891055;2.04606328251408;0.0407501449177818;2015.02473122593;4.55714780941142;1.18141161396935;1.03725945261509;1.00154057703466;1.07425220376481;1.03275202411396;MyoGT_sorting_0_Coefs.csv
year;0.0202116244936885;0.0793951877362297;0.254569893591492;0.799055314645052;2015.5914490876;4.26057859697465;1.02041726246523;1.0047551384336;0.968719927935037;1.0421308152096;1.03042667219936;MyoGT_sorting_23_Coefs.csv
year;0.0248659178375629;0.0795994912641377;0.312387899001131;0.754745745752452;2015.59041942605;4.26202702063452;1.02517765327205;1.005851346443;0.969697748380306;1.04335287240907;1.03081850262639;MyoGT_sorting_45_Coefs.csv
year;0.0376694064687082;0.0881644754249348;0.427262866218501;0.669187876436905;2015.59041942605;4.26202702063452;1.03838789180845;1.00887755193407;0.968791828273074;1.05062190358359;1.0416016164939;MyoGT_sorting_custom_Coefs.csv
year;-0.197993094654321;0.174054967345401;-1.137531997357;0.255315956233792;2016.05134424904;3.29438980040991;0.82037551809481;0.941670285334412;0.849037156553372;1.04441003486995;1.21793829964971;MyoGT_sorting_customBRETAGNE_Coefs.csv
year;-0.000931697746981995;0.0568472096589163;-0.0163895071116452;0.986923650738386;2015.02473122593;4.55714780941142;0.9990687361486;0.999795573338683;0.975647800334134;1.02454101585151;1.04817406713522;Myomys_sorting_0_Coefs.csv
year;-0.0618702906871764;0.0541759810958234;-1.14202437013081;0.253443889989419;2015.5914490876;4.26057859697465;0.940004806261344;0.985583359388911;0.961324012183699;1.01045489969381;1.0481497997356;Myomys_sorting_23_Coefs.csv
year;-0.0629364877884207;0.0542444108781004;-1.16023912454047;0.245951461775785;2015.59041942605;4.26202702063452;0.939003109959491;0.985341697459598;0.961066194832639;1.01023037328;1.04850454851876;Myomys_sorting_45_Coefs.csv
year;-0.10172175128465;0.0726629936405914;-1.3999113742518;0.161539859531366;2015.59041942605;4.26202702063452;0.903280853442128;0.9764155753013;0.94432747215282;1.0095940272896;1.39095184111956;Myomys_sorting_custom_Coefs.csv
year;-0.0433299014898675;0.147940028976177;-0.292888285812387;0.769607542992448;2017.2866927593;3.70941033086356;0.957595425793695;0.988386883566027;0.914069144758304;1.06874697303526;999283.917503207;Myomys_sorting_customARA_Coefs.csv
year;-0.109774717196129;0.0957311643636298;-1.14669781701553;0.251506533008541;2016.05134424904;3.29438980040991;0.896035974056879;0.967227338230632;0.913678970099278;1.02391403812114;43814.0222207241;Myomys_sorting_customBRETAGNE_Coefs.csv
year;0.156166243054847;0.564420827810471;0.276684054450391;0.782022716766633;2016.31732867743;3.7939449604736;1.16902052848063;1.04202086646261;0.778474052007489;1.39478956728675;1.34315488395259;Myomys_sorting_customHDF_Coefs.csv
year;-0.00568170242145987;0.222474789368109;-0.0255386349059932;0.97962533232925;2013.43108384458;4.33591732648538;0.994334407923906;0.998690477464682;0.90314187514814;1.10434771902813;1.82634664420014;Myomys_sorting_customNORMANDIE_Coefs.csv
year;0.392926417322088;0.0425808999113293;9.22776216896121;2.76344803097821e-20;2015.02473122593;4.55714780941142;1.48130938660747;1.09004829668756;1.07026744852483;1.11019473753891;1.02097035764039;Myonat_sorting_0_Coefs.csv
year;0.231530249042546;0.0418504815419299;5.53231983270196;3.16022983342893e-08;2015.5914490876;4.26057859697465;1.26052745574956;1.0558461072361;1.0357131884826;1.07637038377286;1.01998652571914;Myonat_sorting_23_Coefs.csv
year;0.231927193367577;0.0421422964071801;5.50343035715686;3.72471704966083e-08;2015.59041942605;4.26202702063452;1.26102791429019;1.05592494720757;1.03565831161299;1.07658817742581;1.02042229119129;Myonat_sorting_45_Coefs.csv
year;0.332037573840077;0.0491576889048805;6.75453995574458;1.43289177588342e-11;2015.59041942605;4.26202702063452;1.39380521814301;1.08102106246131;1.05685766898969;1.10573691403698;1.0186007597604;Myonat_sorting_custom_Coefs.csv
year;0.510749617935483;0.11606301216531;4.40062349241822;1.07940275582562e-05;2017.2866927593;3.70941033086356;1.66653999509644;1.14762001438331;1.07935680905532;1.22020048084548;1.77637917780156;Myonat_sorting_customARA_Coefs.csv
year;0.315863550026298;0.0762330733214381;4.14339257574536;3.42205405317528e-05;2016.05134424904;3.29438980040991;1.37144310948207;1.10062613089114;1.05182329500677;1.15169333646733;1.03731230339256;Myonat_sorting_customBRETAGNE_Coefs.csv
year;-0.681194818161935;0.158455347127771;-4.29897021785355;1.7159352620993e-05;2015.01417570879;4.52036742386042;0.506012038658773;0.860110363387888;0.803001700957267;0.921280535676741;1.02948191091785;Myonat_sorting_customCENTRE_Coefs.csv
year;1.17818784207904;0.278809734084096;4.22577728840581;2.38117407501168e-05;2016.31732867743;3.7939449604736;3.2484821032201;1.36416737811774;1.18117566803928;1.5755087798327;1.06021782673187;Myonat_sorting_customHDF_Coefs.csv
year;0.200677606915334;0.151811735237238;1.32188467908448;0.18620655491916;2013.2139561707;4.30956022024711;1.22223066958308;1.04766688872684;0.977773285231463;1.12255665634671;1.04936118803077;Myonat_sorting_customILE-DE-FRANCE_Coefs.csv
year;-0.131031209433754;0.218290763886673;-0.600259979399674;0.548332985950412;2013.43108384458;4.33591732648538;0.87719039734824;0.970232106491268;0.879067239662291;1.07085135015169;1.60963089126027;Myonat_sorting_customNORMANDIE_Coefs.csv
year;0.46213553194911;0.117400622796494;3.9363976181812;8.27138841544963e-05;2017.30296479308;3.14178669566807;1.5874604402539;1.15846195362848;1.07664995439304;1.24649064677784;1.21538869536269;Myonat_sorting_customOCCITANIE_Coefs.csv
year;0.097092086139383;0.109029505575752;0.890512028158513;0.37319101274241;2015.02473122593;4.55714780941142;1.10196184436091;1.02153403185904;0.97473798441337;1.0705767036197;1.03207746080305;Nyclas_sorting_0_Coefs.csv
year;0.124706495330347;0.127758827643187;0.976108638681586;0.329010630876315;2015.5914490876;4.26057859697465;1.1328159175072;1.02970242191638;0.970928795451211;1.09203381614376;1.05208353060449;Nyclas_sorting_23_Coefs.csv
year;0.128739102954809;0.128735386714595;1.00002886727814;0.31729653799214;2015.59041942605;4.26202702063452;1.13739334289036;1.0306669055725;0.971421288494131;1.09352582944635;1.05247872636533;Nyclas_sorting_45_Coefs.csv
year;-0.38889414755784;0.377543710872683;-1.03006390083659;0.302980009752103;2015.02473122593;4.55714780941142;0.67780601363864;0.918202631697704;0.780583687248211;1.08008415577932;1.22579818897055;Nyclas_sorting_custom_Coefs.csv
year;0.371760493826445;0.0275898506639576;13.4745380957099;2.2086319698416e-41;2015.02473122593;4.55714780941142;1.45028558734173;1.08499724647664;1.07219875331696;1.09794851115061;1.01388955637654;Nyclei_sorting_0_Coefs.csv
year;0.371760493826445;0.0275898506639576;13.4745380957099;2.2086319698416e-41;2015.02473122593;4.55714780941142;1.45028558734173;1.08499724647664;1.07219875331696;1.09794851115061;1.01388955637654;Nyclei_sorting_0_RP0_PF0_Coefs.csv
year;0.506686134416666;0.0334977984684503;15.1259532740304;1.09207675357594e-51;2015.02473122593;4.55714780941142;1.65978177754498;1.11760155948225;1.10161578901494;1.13381930271174;1.01798041181414;Nyclei_sorting_0_RP20_PF50_Coefs.csv
year;0.58510320391635;0.0361402003349204;16.189816284748;5.95059717066577e-59;2015.02473122593;4.55714780941142;1.79517624529903;1.13699908845665;1.11946291561302;1.15480996209984;1.01982867041134;Nyclei_sorting_0_RP35_PF50_Coefs.csv
year;0.615786010707244;0.0377886468060911;16.2955295506371;1.06180004015606e-59;2015.02473122593;4.55714780941142;1.85111102097083;1.1446802153037;1.12622682708558;1.16343596493654;1.02073387351973;Nyclei_sorting_0_RP50_PF50_Coefs.csv
year;0.130279209705643;0.0274431862891879;4.74723336907023;2.06217969497274e-06;2015.5914490876;4.26057859697465;1.13914639965687;1.03105012428115;1.01811545491356;1.04414912242977;1.01544550947558;Nyclei_sorting_23_Coefs.csv
year;0.130279209705643;0.0274431862891879;4.74723336907023;2.06217969497274e-06;2015.5914490876;4.26057859697465;1.13914639965687;1.03105012428115;1.01811545491356;1.04414912242977;1.01544550947558;Nyclei_sorting_23_RP0_PF0_Coefs.csv
year;0.229007952766817;0.033442934329674;6.84772306488723;7.50346388601345e-12;2015.5914490876;4.26057859697465;1.25735203839765;1.05522122296416;1.03911139211722;1.07158081206789;1.0202358691629;Nyclei_sorting_23_RP20_PF50_Coefs.csv
year;0.295164789657658;0.0359095462824226;8.21967471647334;2.04055883185781e-16;2015.5914490876;4.26057859697465;1.34334771025684;1.07173421688315;1.05417543597659;1.08958546408743;1.02188403989977;Nyclei_sorting_23_RP35_PF50_Coefs.csv
year;0.32250626591698;0.03750001896233;8.60016274234281;7.9603138705962e-18;2015.5914490876;4.26057859697465;1.38058354145433;1.07863398860782;1.06018619188564;1.09740278668477;1.02202829320509;Nyclei_sorting_23_RP50_PF50_Coefs.csv
year;0.133804833321056;0.0275972275941827;4.84848823543642;1.24405907482139e-06;2015.59041942605;4.26202702063452;1.14316968923983;1.0318926567616;1.01887961094881;1.04507190411529;1.0156395148739;Nyclei_sorting_45_Coefs.csv
year;0.133804833321056;0.0275972275941827;4.84848823543642;1.24405907482139e-06;2015.59041942605;4.26202702063452;1.14316968923983;1.0318926567616;1.01887961094881;1.04507190411529;1.0156395148739;Nyclei_sorting_45_RP0_PF0_Coefs.csv
year;0.229573561590605;0.0336302653044374;6.82639757707512;8.70734090301458e-12;2015.59041942605;4.26202702063452;1.25806340896494;1.05534199163191;1.03914622703368;1.07179017767391;1.02058321280479;Nyclei_sorting_45_RP20_PF50_Coefs.csv
year;0.297988219258383;0.036142654133465;8.24477964894314;1.65464850497653e-16;2015.59041942605;4.26202702063452;1.3471459174081;1.07241918590685;1.0547420318404;1.09039260367234;1.02236912310488;Nyclei_sorting_45_RP35_PF50_Coefs.csv
year;0.324809293190224;0.03772980305626;8.60882556704289;7.38128652512232e-18;2015.59041942605;4.26202702063452;1.38376672707799;1.0791892342644;1.06062607756705;1.09807728471448;1.02254772317153;Nyclei_sorting_45_RP50_PF50_Coefs.csv
year;0.049221487744252;0.0427991772827683;1.15005686719285;0.250120450005148;2015.96827450429;4.28047253415115;1.05045298743862;1.01156544659243;0.99193467921911;1.03158471437382;1.8354641653985;Nyclei_sorting_60_RP0_PF0_Coefs.csv
year;0.360736263248633;0.0604441665506759;5.96809061708536;2.40046049715782e-09;2015.96827450429;4.28047253415115;1.43438511091899;1.08792789066442;1.05823073390991;1.11845843950541;2.61516967539877;Nyclei_sorting_60_RP35_PF50_Coefs.csv
year;0.4039877461817;0.0629418435346279;6.41842887807128;1.37687905498718e-10;2015.96827450429;4.28047253415115;1.49778559325318;1.09897644312675;1.06775585798365;1.13110990074851;2.59052363900824;Nyclei_sorting_60_RP50_PF50_Coefs.csv
year;0.206566135455846;0.0344090364460007;6.00325254036153;1.93403441505694e-09;2015.5914490876;4.26057859697465;1.22944904170119;1.04967765115811;1.03319316958437;1.06642514079341;1.03178890933684;Nyclei_sorting_custom_Coefs.csv
year;0.370679871868876;0.101492074415693;3.65230363063268;0.000259898325205065;2017.2866927593;3.70941033086356;1.44871922336739;1.10509311120163;1.04739235357892;1.16597259876146;1.28246153712466;Nyclei_sorting_customARA_Coefs.csv
year;0.0546098409811577;0.0944278165571979;0.578323665337309;0.563045619855251;2016.08951048951;3.29782948569002;1.0561284762309;1.01669719386673;0.961211363102751;1.07538593871781;1.048714816587;Nyclei_sorting_customBRETAGNE_Coefs.csv
year;0.398271206099977;0.0890905326470637;4.47040997810336;7.80697993760557e-06;2015.02942200557;4.51626633620594;1.48924786824934;1.09219118855172;1.05076927406844;1.13524597815021;1.05691453484304;Nyclei_sorting_customCENTRE_Coefs.csv
year;-0.112042869780114;0.173290488025239;-0.646560991644245;0.517916111183542;2016.26903336185;3.79095256614345;0.89400593084116;0.970877153507899;0.887676047580319;1.0618766269215;1.1104483597414;Nyclei_sorting_customHDF_Coefs.csv
year;-0.297258691939597;0.0775977173787727;-3.83076592947454;0.000127744986046185;2013.20824978516;4.3072726976496;0.74285181772585;0.933314355956536;0.900934287635596;0.966858181544635;1.04734315410177;Nyclei_sorting_customILE-DE-FRANCE_Coefs.csv
year;-0.292766535759433;0.227193489524537;-1.28862203037651;0.197529520676305;2013.43108384458;4.33591732648538;0.746196330522502;0.934707862610258;0.843479669339417;1.03580301954364;1.32475273029112;Nyclei_sorting_customNORMANDIE_Coefs.csv
year;0.461380955517629;0.0949709095529286;4.85812927021085;1.18500036241929e-06;2017.30317923514;3.13783521877573;1.58626303184467;1.15839795939515;1.09167909878537;1.2291943977162;1.06176512755861;Nyclei_sorting_customOCCITANIE_Coefs.csv
year;-0.333761343894622;0.194262018115734;-1.71809881896614;0.0857785922290488;2017.75625446748;3.10773215104046;0.716224693227782;0.898168961447998;0.794602760379948;1.01523367842674;2.31018591967681;Nyclei_sorting_customPACA_Coefs.csv
year;-0.141004853867669;0.0312006353229314;-4.51929431590886;6.20460924509788e-06;2015.02473122593;4.55714780941142;0.868485096175708;0.969532317793632;0.956609117515052;0.982630102552313;1.01133493354934;Nycnoc_sorting_0_Coefs.csv
year;-0.141004853867669;0.0312006353229314;-4.51929431590886;6.20460924509788e-06;2015.02473122593;4.55714780941142;0.868485096175708;0.969532317793632;0.956609117515052;0.982630102552313;1.01133493354934;Nycnoc_sorting_0_RP0_PF0_Coefs.csv
year;-0.207447012159615;0.0386972480387281;-5.36076911598476;8.28683752234184e-08;2015.02473122593;4.55714780941142;0.812656301534659;0.955499309016323;0.93972841051474;0.97153488105205;1.01671523313008;Nycnoc_sorting_0_RP20_PF50_Coefs.csv
year;-0.212066135442989;0.0423732198512019;-5.00472081630052;5.59430505682464e-07;2015.02473122593;4.55714780941142;0.808911198096989;0.95453130594739;0.937293368015719;0.972086270025064;1.0195297163944;Nycnoc_sorting_0_RP35_PF50_Coefs.csv
year;-0.211261472037135;0.0456306996919337;-4.62981005032629;3.66001320307759e-06;2015.02473122593;4.55714780941142;0.809562361285142;0.954699864058305;0.936146426120871;0.97362101162929;1.02257924474987;Nycnoc_sorting_0_RP50_PF50_Coefs.csv
year;-0.178159065661787;0.0331150841402988;-5.37999737240527;7.44869259063988e-08;2015.5914490876;4.26057859697465;0.836809305275847;0.959046518984356;0.944547410828405;0.973768193138486;1.0127932912545;Nycnoc_sorting_23_Coefs.csv
year;-0.178159065661787;0.0331150841402988;-5.37999737240527;7.44869259063988e-08;2015.5914490876;4.26057859697465;0.836809305275847;0.959046518984356;0.944547410828405;0.973768193138486;1.0127932912545;Nycnoc_sorting_23_RP0_PF0_Coefs.csv
year;-0.208564662793793;0.0414724737616126;-5.02899016809657;4.930696699784e-07;2015.5914490876;4.26057859697465;0.811748543076782;0.952226652375245;0.934231995408703;0.970567912413546;1.01717788423812;Nycnoc_sorting_23_RP20_PF50_Coefs.csv
year;-0.196185951062636;0.0451861959743154;-4.34172310442224;1.41369626755586e-05;2015.5914490876;4.26057859697465;0.821859394840454;0.954997280604259;0.935350948865327;0.975056268524559;1.02028976291576;Nycnoc_sorting_23_RP35_PF50_Coefs.csv
year;-0.219913766801802;0.0482777747037515;-4.55517612713647;5.23417034693522e-06;2015.5914490876;4.26057859697465;0.802588004708958;0.949693536650968;0.928834388775167;0.97102112546238;1.02376962352172;Nycnoc_sorting_23_RP50_PF50_Coefs.csv
year;-0.1761146086497;0.0332695113273238;-5.29357365417808;1.19948898373371e-07;2015.59041942605;4.26202702063452;0.838521875969862;0.959520311014299;0.944951823379403;0.974313403572661;1.01296214866928;Nycnoc_sorting_45_Coefs.csv
year;-0.1761146086497;0.0332695113273238;-5.29357365417808;1.19948898373371e-07;2015.59041942605;4.26202702063452;0.838521875969862;0.959520311014299;0.944951823379403;0.974313403572661;1.01296214866928;Nycnoc_sorting_45_RP0_PF0_Coefs.csv
year;-0.207722955041164;0.0416527012250031;-4.98702242428572;6.13169508152585e-07;2015.59041942605;4.26202702063452;0.812432085749903;0.952430570795399;0.934360675252337;0.97084992574272;1.01742714800862;Nycnoc_sorting_45_RP20_PF50_Coefs.csv
year;-0.195623855209494;0.045398157367531;-4.30907037979047;1.63942195377187e-05;2015.59041942605;4.26202702063452;0.822321488456445;0.955138184942368;0.935404381008019;0.97528830402942;1.02063318570455;Nycnoc_sorting_45_RP35_PF50_Coefs.csv
year;-0.217261021304271;0.0484675336640917;-4.48260938569757;7.3735824937527e-06;2015.59041942605;4.26202702063452;0.804719892852975;0.950301492678326;0.929354903955728;0.97172019337585;1.02412481363617;Nycnoc_sorting_45_RP50_PF50_Coefs.csv
year;-0.292534458718521;0.0584357909171191;-5.00608367110886;5.55486184458441e-07;2015.96827450429;4.28047253415115;0.746369525655358;0.933941359179774;0.90928336839958;0.959268026557877;1.4998731380646;Nycnoc_sorting_60_RP0_PF0_Coefs.csv
year;-0.145546019142716;0.076642426557316;-1.89902676207506;0.0575609573699416;2015.96827450429;4.28047253415115;0.864550103303895;0.966569257161996;0.933237328185533;1.00109168447767;1.8402159117043;Nycnoc_sorting_60_RP35_PF50_Coefs.csv
year;-0.0284193466396371;0.0817671084591357;-0.347564530227214;0.728167248117034;2015.96827450429;4.28047253415115;0.971980684493284;0.993382690215921;0.956878140791409;1.03127987478579;1.89106010605372;Nycnoc_sorting_60_RP50_PF50_Coefs.csv
year;-0.197653912454277;0.051843843810467;-3.81248568637906;0.000137576198816837;2015.5914490876;4.26057859697465;0.820653822063109;0.95466829766822;0.932169429328974;0.977710199345206;1.02938354993373;Nycnoc_sorting_custom_Coefs.csv
year;0.546843694735435;0.182052972346128;3.00376142003191;0.0026666434579647;2017.2866927593;3.70941033086356;1.72779096672719;1.15884133107176;1.05256306398929;1.27585061317887;1.29462065242441;Nycnoc_sorting_customARA_Coefs.csv
year;0.155941169791953;0.136743752841989;1.14038971836722;0.254123974447904;2016.08951048951;3.29782948569002;1.16875744282378;1.04842181634867;0.966587490550669;1.1371844926005;1.16296683977551;Nycnoc_sorting_customBRETAGNE_Coefs.csv
year;0.316266362000924;0.181547347270373;1.74205994610276;0.0814979553322749;2015.02942200557;4.51626633620594;1.37199565446748;1.07253851184743;0.991278826140306;1.16045942782307;1.15147216787526;Nycnoc_sorting_customCENTRE_Coefs.csv
year;-0.726071730234424;0.265408742645664;-2.73567374984241;0.00622527119787373;2016.26903336185;3.79095256614345;0.483805781721178;0.825696904489406;0.71982529483609;0.947140067144534;1.16788258858171;Nycnoc_sorting_customHDF_Coefs.csv
year;-0.891931718407825;0.0930022362922511;-9.59043302577167;8.77160920099183e-22;2013.20824978516;4.3072726976496;0.409863247170723;0.812958067197532;0.779272013698214;0.848100287709668;1.03572775798802;Nycnoc_sorting_customILE-DE-FRANCE_Coefs.csv
year;0.145507009273746;0.0185013217964249;7.8646818251582;3.70036753351679e-15;2015.02473122593;4.55714780941142;1.15662584166092;1.03244461531597;1.02426189384933;1.04069270769116;1.00764168615327;Pipkuh_sorting_0_Coefs.csv
year;0.145507009273746;0.0185013217964249;7.8646818251582;3.70036753351679e-15;2015.02473122593;4.55714780941142;1.15662584166092;1.03244461531597;1.02426189384933;1.04069270769116;1.00764168615327;Pipkuh_sorting_0_RP0_PF0_Coefs.csv
year;0.119885987005174;0.0219780467223333;5.4548062673536;4.90262670308734e-08;2015.02473122593;4.55714780941142;1.12736830961454;1.02665633123473;1.01699764177889;1.03640675176071;1.00988132481537;Pipkuh_sorting_0_RP20_PF50_Coefs.csv
year;0.109613468609112;0.0232543537588958;4.71367511415705;2.43288456514502e-06;2015.02473122593;4.55714780941142;1.11584667732254;1.02434469490745;1.01415091118994;1.03464094190269;1.0107650181385;Pipkuh_sorting_0_RP35_PF50_Coefs.csv
year;0.117833408895185;0.0243745791680633;4.83427459742876;1.33632021168075e-06;2015.02473122593;4.55714780941142;1.125056671321;1.0261940206185;1.01549245836945;1.0370083591207;1.01170337026642;Pipkuh_sorting_0_RP50_PF50_Coefs.csv
year;-0.0430216570742548;0.0174550127624441;-2.46471644906611;0.0137121715995836;2015.5914490876;4.26057859697465;0.957890644733569;0.989953200624178;0.982035995764957;0.997934234236167;1.00785320342196;Pipkuh_sorting_23_Coefs.csv
year;-0.0430216570742548;0.0174550127624441;-2.46471644906611;0.0137121715995836;2015.5914490876;4.26057859697465;0.957890644733569;0.989953200624178;0.982035995764957;0.997934234236167;1.00785320342196;Pipkuh_sorting_23_RP0_PF0_Coefs.csv
year;-0.0978408989761545;0.0209620036649511;-4.66753562970445;3.04833900024038e-06;2015.5914490876;4.26057859697465;0.906793163998449;0.977297442879973;0.967918653222604;0.986767109694369;1.01015891907626;Pipkuh_sorting_23_RP20_PF50_Coefs.csv
year;-0.116551889764866;0.0223423769496862;-5.21662892123497;1.82208770937237e-07;2015.5914490876;4.26057859697465;0.889983914722425;0.97301490040262;0.963065464782068;0.983067123707695;1.01113790913473;Pipkuh_sorting_23_RP35_PF50_Coefs.csv
year;-0.11507109949331;0.0236033099460964;-4.87521028856127;1.08692605867047e-06;2015.5914490876;4.26057859697465;0.891302770478582;0.973353136484796;0.962841576176457;0.983979453885942;1.01223570260427;Pipkuh_sorting_23_RP50_PF50_Coefs.csv
year;-0.0402382392824903;0.0174986797557285;-2.29950143920531;0.0214764817436821;2015.59041942605;4.26202702063452;0.960560568629772;0.990603323546916;0.982663867818784;0.998606926293499;1.00791905053876;Pipkuh_sorting_45_Coefs.csv
year;-0.0402382392824903;0.0174986797557285;-2.29950143920531;0.0214764817436821;2015.59041942605;4.26202702063452;0.960560568629772;0.990603323546916;0.982663867818784;0.998606926293499;1.00791905053876;Pipkuh_sorting_45_RP0_PF0_Coefs.csv
year;-0.0942024802809553;0.0210193514863504;-4.48170250838274;7.40499200615784e-06;2015.59041942605;4.26202702063452;0.910098466590067;0.978139734625469;0.968730488466443;0.987640372471177;1.01025029011536;Pipkuh_sorting_45_RP20_PF50_Coefs.csv
year;-0.112677037457616;0.0224081373913667;-5.02839818810767;4.94593999330643e-07;2015.59041942605;4.26202702063452;0.893439160908905;0.973908980227139;0.963924618799626;0.983996759983399;1.01124595011331;Pipkuh_sorting_45_RP35_PF50_Coefs.csv
year;-0.109752241670655;0.0236770713816069;-4.63538078260448;3.56281015894018e-06;2015.59041942605;4.26202702063452;0.896056113162557;0.974577550011346;0.964023623621921;0.985247018550884;1.01236322610547;Pipkuh_sorting_45_RP50_PF50_Coefs.csv
year;-0.0576413233743859;0.0242993375070503;-2.37213559248937;0.0176855991095737;2015.96827450429;4.28047253415115;0.943988473322738;0.986624150282215;0.975707516387428;0.997662924156034;1.09220827110308;Pipkuh_sorting_60_RP0_PF0_Coefs.csv
year;-0.227232576850584;0.0335902744557484;-6.76483239664919;1.33463609521828e-11;2015.96827450429;4.28047253415115;0.796735458516275;0.948298585595685;0.933824888383142;0.962996615992755;1.13050228536175;Pipkuh_sorting_60_RP35_PF50_Coefs.csv
year;-0.266969945414615;0.0365901687418822;-7.29622066784933;2.95963356585382e-13;2015.96827450429;4.28047253415115;0.765696083797888;0.939535880705056;0.923925944274722;0.95540955051886;1.13665170491795;Pipkuh_sorting_60_RP50_PF50_Coefs.csv
year;-0.03682324325341;0.0174292482860157;-2.11272698908966;0.0346241418822544;2015.59041942605;4.26202702063452;0.963846486662433;0.991397373433852;0.983482954918252;0.999375481940342;1.00828330018159;Pipkuh_sorting_custom_Coefs.csv
year;-0.130439431765275;0.0953893396269882;-1.3674424445682;0.171486666028529;2017.2866927593;3.70941033086356;0.87770965266309;0.965446620496829;0.917992628389935;1.01535366211332;1.09646111031464;Pipkuh_sorting_customARA_Coefs.csv
year;0.277997477490117;0.0490233474788063;5.67071593000255;1.42202015862727e-08;2016.05134424904;3.29438980040991;1.32048286627381;1.088047841738;1.05677220577901;1.12024909383195;1.04348817642112;Pipkuh_sorting_customBRETAGNE_Coefs.csv
year;0.0438674804836849;0.0277040147077684;1.58343405987957;0.113322564999257;2015.01417570879;4.52036742386042;1.0448438835075;1.00975164637815;0.99769501837171;1.02195397249494;1.00598547156488;Pipkuh_sorting_customCENTRE_Coefs.csv
year;-0.0717080190043017;0.10552201928034;-0.679555030251981;0.496786252060534;2016.31732867743;3.7939449604736;0.930802632817783;0.981276849017034;0.929216373078117;1.0362540763537;1.02506999891748;Pipkuh_sorting_customHDF_Coefs.csv
year;-0.1093047696043;0.0349449082376388;-3.12791691599204;0.00176049939190318;2013.2139561707;4.30956022024711;0.896457162965684;0.974955623473626;0.959583375056826;0.990574130868573;1.02897684203308;Pipkuh_sorting_customILE-DE-FRANCE_Coefs.csv
year;-0.0226416397183267;0.0414847112018675;-0.545782748930105;0.585215282891843;2013.43108384458;4.33591732648538;0.977612758590773;0.994791730372058;0.976310891405793;1.01362239787338;1.04543216977072;Pipkuh_sorting_customNORMANDIE_Coefs.csv
year;-0.0602067574751572;0.0660949834951082;-0.910912663736623;0.362341392640085;2017.30296479308;3.14178669566807;0.941569836855288;0.981019224770432;0.94139190974422;1.02231462731676;1.04045464546241;Pipkuh_sorting_customOCCITANIE_Coefs.csv
year;-0.568354456349625;0.111314227259956;-5.10585637020437;3.2929975030815e-07;2017.75625446748;3.10773215104046;0.566456801583291;0.832864770582982;0.776400400550567;0.893435559263425;1.10137059969979;Pipkuh_sorting_customPACA_Coefs.csv
year;0.106300277934558;0.0391657599843548;2.71411247929366;0.00664535986771606;2015.02473122593;4.55714780941142;1.11215578221295;1.02360023455338;1.0065024720606;1.04098844191876;1.00772217577238;Pipnat_sorting_0_Coefs.csv
year;0.106300277934558;0.0391657599843548;2.71411247929366;0.00664535986771606;2015.02473122593;4.55714780941142;1.11215578221295;1.02360023455338;1.0065024720606;1.04098844191876;1.00772217577238;Pipnat_sorting_0_RP0_PF0_Coefs.csv
year;0.126743764067079;0.0452883290272292;2.79859660953434;0.00513252129999432;2015.02473122593;4.55714780941142;1.13512612041345;1.02820244750398;1.00836904581578;1.04842594825774;1.00936288744022;Pipnat_sorting_0_RP20_PF50_Coefs.csv
year;0.119654593815672;0.0479561307424323;2.49508440241615;0.0125927172901724;2015.02473122593;4.55714780941142;1.12710747444454;1.02660420317967;1.00564710574857;1.0479980342624;1.01011341307052;Pipnat_sorting_0_RP35_PF50_Coefs.csv
year;0.123493073468302;0.0511552437099563;2.41408435405942;0.0157748097882464;2015.02473122593;4.55714780941142;1.1314421675449;1.02746927483347;1.00511064166671;1.05032527461477;1.01111984685666;Pipnat_sorting_0_RP50_PF50_Coefs.csv
year;-0.108891620345624;0.0391335871050154;-2.78256169191473;0.00539316108922494;2015.5914490876;4.26057859697465;0.896827610097707;0.974765897517538;0.957374831681839;0.992472878458683;1.00858665533885;Pipnat_sorting_23_Coefs.csv
year;-0.108891620345624;0.0391335871050154;-2.78256169191473;0.00539316108922494;2015.5914490876;4.26057859697465;0.896827610097707;0.974765897517538;0.957374831681839;0.992472878458683;1.00858665533885;Pipnat_sorting_23_RP0_PF0_Coefs.csv
year;-0.114253623176771;0.0455369712192731;-2.50902991827472;0.012106323021813;2015.5914490876;4.26057859697465;0.892031687279832;0.973539911463407;0.953358267491179;0.99414878071632;1.01026824064714;Pipnat_sorting_23_RP20_PF50_Coefs.csv
year;-0.125301490484282;0.0482714693511725;-2.59576706838402;0.00943800236561073;2015.5914490876;4.26057859697465;0.882230878269973;0.97101874989628;0.949693967946946;0.992822366439215;1.01109041530658;Pipnat_sorting_23_RP35_PF50_Coefs.csv
year;-0.117405093961243;0.0513715505710054;-2.2854107508195;0.0222887542125975;2015.5914490876;4.26057859697465;0.889224900554756;0.972820068349008;0.95009981512822;0.996083643332624;1.01203678435419;Pipnat_sorting_23_RP50_PF50_Coefs.csv
year;-0.106098589790035;0.0394154592100158;-2.69180143823046;0.00710672428405489;2015.59041942605;4.26202702063452;0.899335978359755;0.975413371502713;0.957892441532341;0.993254778985712;1.00875158480318;Pipnat_sorting_45_Coefs.csv
year;-0.106098589790035;0.0394154592100158;-2.69180143823046;0.00710672428405489;2015.59041942605;4.26202702063452;0.899335978359755;0.975413371502713;0.957892441532341;0.993254778985712;1.00875158480318;Pipnat_sorting_45_RP0_PF0_Coefs.csv
year;-0.112316446496778;0.045969672630116;-2.44327270721517;0.0145547344816228;2015.59041942605;4.26202702063452;0.893761385086459;0.973991381776839;0.95361739456439;0.99480065819154;1.01050159848349;Pipnat_sorting_45_RP20_PF50_Coefs.csv
year;-0.121227336262273;0.0486013416390046;-2.49432077745325;0.0126198438970693;2015.59041942605;4.26202702063452;0.885832554838425;0.971957123638567;0.950474712372253;0.993925075433007;1.01128106156851;Pipnat_sorting_45_RP35_PF50_Coefs.csv
year;-0.112183461477098;0.0516582695443285;-2.17164574939607;0.0298823934360084;2015.59041942605;4.26202702063452;0.893880249865287;0.974021773016319;0.95115567334215;0.997437581354341;1.01222689535951;Pipnat_sorting_45_RP50_PF50_Coefs.csv
year;-0.21622699769535;0.066649272368537;-3.24425143758095;0.00117759745532392;2015.96827450429;4.28047253415115;0.805552422574267;0.950739905654866;0.922163767922526;0.980201564675402;2.9124145767741;Pipnat_sorting_60_RP0_PF0_Coefs.csv
year;-0.177783254896164;0.0899266101679435;-1.97698161383091;0.0480437085178027;2015.96827450429;4.28047253415115;0.837123846321797;0.959317141895103;0.92061845579677;0.999642547831939;3.14192509791404;Pipnat_sorting_60_RP35_PF50_Coefs.csv
year;-0.136829037394598;0.0929678293563649;-1.47178909459211;0.141077839417518;2015.96827450429;4.28047253415115;0.872119313177594;0.968539635775125;0.928175504675202;1.01065910632459;3.37894440954466;Pipnat_sorting_60_RP50_PF50_Coefs.csv
year;-0.1592536116626;0.0511961610421241;-3.11065533862132;0.00186672682635137;2015.59041942605;4.26202702063452;0.852780056573906;0.963323785990521;0.940908761526393;0.986272797746799;1.01234311899435;Pipnat_sorting_custom_Coefs.csv
year;0.396673306439845;0.177350872040481;2.23665833652795;0.0253086790064776;2017.2866927593;3.70941033086356;1.48687009981043;1.11286416999739;1.01331694372383;1.22219081456661;1.11915309107507;Pipnat_sorting_customARA_Coefs.csv
year;0.39941637557353;0.138477439564442;2.88434258193846;0.00392231802976289;2016.05134424904;3.29438980040991;1.49095428632907;1.12889737612784;1.03962037972666;1.22584099992671;1.08624290742513;Pipnat_sorting_customBRETAGNE_Coefs.csv
year;-0.280306311208603;0.105320394661165;-2.66146278800416;0.0077801940240961;2015.01417570879;4.52036742386042;0.75555227187711;0.939873835805932;0.897919386870432;0.98378856738063;1.1307199784354;Pipnat_sorting_customCENTRE_Coefs.csv
year;-6.04957249599961e-05;0.240865988878243;-0.000251159265954217;0.999799603901499;2016.31732867743;3.7939449604736;0.999939506104869;0.999984054791706;0.882984106323779;1.13248709991048;1.1325061786536;Pipnat_sorting_customHDF_Coefs.csv
year;-0.472312409032783;0.130888038858958;-3.60852231533346;0.000307946030019681;2013.2139561707;4.30956022024711;0.623558677121902;0.896195741282821;0.844404545712264;0.951163527922491;1.05469533267841;Pipnat_sorting_customILE-DE-FRANCE_Coefs.csv
year;-0.0099533526907167;0.148876088902129;-0.0668566239489273;0.946695844809902;2013.43108384458;4.33591732648538;0.990096017987146;0.997707074091558;0.932774321403932;1.06715995804228;1.25927223666819;Pipnat_sorting_customNORMANDIE_Coefs.csv
year;-0.161160787121788;0.138018458985502;-1.16767560155644;0.242937641975901;2017.30296479308;3.14178669566807;0.851155205308661;0.94999752135753;0.871624142269801;1.03541795920803;1.05646616864803;Pipnat_sorting_customOCCITANIE_Coefs.csv
year;0.0930546589685664;0.0143640757461912;6.47829074510698;9.27674697111897e-11;2015.02473122593;4.55714780941142;1.09752172303399;1.02062939962732;1.01434360859705;1.02695414310776;1.00597807188887;Pippip_sorting_0_Coefs.csv
year;0.0930546589685664;0.0143640757461912;6.47829074510698;9.27674697111897e-11;2015.02473122593;4.55714780941142;1.09752172303399;1.02062939962732;1.01434360859705;1.02695414310776;1.00597807188887;Pippip_sorting_0_RP0_PF0_Coefs.csv
year;0.0797605266187605;0.0150567057514635;5.29734245560375;1.17500205819783e-07;2015.02473122593;4.55714780941142;1.08302768031743;1.01765635349349;1.011087634675;1.02426774721516;1.0063747898683;Pippip_sorting_0_RP20_PF50_Coefs.csv
year;0.0714899920537727;0.015329466480412;4.66356687267117;3.10775131665019e-06;2015.02473122593;4.55714780941142;1.07410740103841;1.01581113590947;1.00913593834471;1.02253048834062;1.00653657455317;Pippip_sorting_0_RP35_PF50_Coefs.csv
year;0.0600389666087339;0.0156420656484126;3.83830166413007;0.000123888224098611;2015.02473122593;4.55714780941142;1.06187792352076;1.01326184903895;1.00646808048005;1.02010147627149;1.00673555573032;Pippip_sorting_0_RP50_PF50_Coefs.csv
year;-0.108449030052537;0.0129262570535214;-8.38982464943263;4.86867804167355e-17;2015.5914490876;4.26057859697465;0.897224625143531;0.974867161776219;0.969087437241084;0.980681357107713;1.00581015355268;Pippip_sorting_23_Coefs.csv
year;-0.108449030052537;0.0129262570535214;-8.38982464943263;4.86867804167355e-17;2015.5914490876;4.26057859697465;0.897224625143531;0.974867161776219;0.969087437241084;0.980681357107713;1.00581015355268;Pippip_sorting_23_RP0_PF0_Coefs.csv
year;-0.127059228697324;0.013516093473908;-9.40058819085593;5.42588932574471e-21;2015.5914490876;4.26057859697465;0.880681509433833;0.970618230414001;0.964601927690508;0.976672057319669;1.00612745160054;Pippip_sorting_23_RP20_PF50_Coefs.csv
year;-0.138021781589895;0.0137694179233029;-10.0237920265541;1.19815719499201e-23;2015.5914490876;4.26057859697465;0.871079718037976;0.96812402073521;0.962011063626412;0.974275821726399;1.00626785083937;Pippip_sorting_23_RP35_PF50_Coefs.csv
year;-0.152955332238901;0.0140618974433026;-10.877289701167;1.4789509418053e-27;2015.5914490876;4.26057859697465;0.858168053400886;0.964736635395648;0.958516092590919;0.970997548052364;1.00643117367302;Pippip_sorting_23_RP50_PF50_Coefs.csv
year;-0.10793808770037;0.0129400980370541;-8.34136552839771;7.34375063222026e-17;2015.59041942605;4.26202702063452;0.897683172339539;0.974992472315431;0.969207794437831;0.980811675811108;1.00585040965009;Pippip_sorting_45_Coefs.csv
year;-0.10793808770037;0.0129400980370541;-8.34136552839771;7.34375063222026e-17;2015.59041942605;4.26202702063452;0.897683172339539;0.974992472315431;0.969207794437831;0.980811675811108;1.00585040965009;Pippip_sorting_45_RP0_PF0_Coefs.csv
year;-0.126598050884533;0.013527990659518;-9.35823021103736;8.10834219750339e-21;2015.59041942605;4.26202702063452;0.881087753874381;0.970733101199727;0.964712846882679;0.97679092468791;1.00616567374723;Pippip_sorting_45_RP20_PF50_Coefs.csv
year;-0.137618478589409;0.0137818888899294;-9.98545842942973;1.76483389455604e-23;2015.59041942605;4.26202702063452;0.871431097953448;0.968226295184476;0.962109245696217;0.974382236612095;1.00630500937339;Pippip_sorting_45_RP35_PF50_Coefs.csv
year;-0.152650561640236;0.0140738206800189;-10.8464193988886;2.07391386140516e-27;2015.59041942605;4.26202702063452;0.858429637651846;0.964817395728897;0.958593183474493;0.971082022226649;1.0064711611268;Pippip_sorting_45_RP50_PF50_Coefs.csv
year;-0.16350076065797;0.0180719666299976;-9.04720355041914;1.46676442526449e-19;2015.96827450429;4.28047253415115;0.849165853076564;0.962523406024493;0.954591501777192;0.970521218154769;1.02937372380085;Pippip_sorting_60_RP0_PF0_Coefs.csv
year;-0.210028982369034;0.0198142155922166;-10.5999140562262;2.98254186195213e-26;2015.96827450429;4.28047253415115;0.81056075365887;0.952117550005958;0.943518405970031;0.960795065886762;1.03660287488721;Pippip_sorting_60_RP35_PF50_Coefs.csv
year;-0.236692203616722;0.0203465305545822;-11.6330498205463;2.79914668499729e-31;2015.96827450429;4.28047253415115;0.789234174060304;0.946205207895362;0.937430945420979;0.955061596613118;1.03680444147615;Pippip_sorting_60_RP50_PF50_Coefs.csv
year;-0.108882127384189;0.0127053273118872;-8.56980105363499;1.03663972965107e-17;2015.59041942605;4.26202702063452;0.896836123688034;0.974776535238898;0.969097759794572;0.980488587502019;1.0062300720464;Pippip_sorting_custom_Coefs.csv
year;-0.0615846346268781;0.0855493368316197;-0.719872729675164;0.471603359808518;2017.2866927593;3.70941033086356;0.940273362686521;0.983534787408969;0.940066651116813;1.02901286509248;1.23552490538076;Pippip_sorting_customARA_Coefs.csv
year;0.0508159944230989;0.0315047893625174;1.6129609323323;0.106752995767358;2016.05134424904;3.29438980040991;1.05212927781585;1.01554458914652;0.996687052924103;1.03475891406339;1.05614426752385;Pippip_sorting_customBRETAGNE_Coefs.csv
year;-0.109050715319696;0.019989764171498;-5.45532775595139;4.88825956103585e-08;2015.01417570879;4.52036742386042;0.896684940681627;0.976164361643853;0.967740247162962;0.984661807480957;1.00131180924438;Pippip_sorting_customCENTRE_Coefs.csv
year;-0.438575989151614;0.0562069106244361;-7.8028837429279;6.05082882723969e-15;2016.31732867743;3.7939449604736;0.644954189234333;0.89083243518485;0.865337563776357;0.917078445218713;1.02061840868736;Pippip_sorting_customHDF_Coefs.csv
year;-0.215148254010047;0.0200484219025229;-10.7314308854889;7.24652774505859e-27;2013.2139561707;4.30956022024711;0.806421876037702;0.951302213033328;0.942667748445417;0.960015765909601;1.01389712063497;Pippip_sorting_customILE-DE-FRANCE_Coefs.csv
year;0.0156642044027818;0.0205582230713138;0.76194349815374;0.446093727207059;2013.43108384458;4.33591732648538;1.01578753114958;1.00361919567746;0.994335834228061;1.01298922884967;1.01000609582481;Pippip_sorting_customNORMANDIE_Coefs.csv
year;-0.027252779673429;0.0593043930167761;-0.459540656047516;0.64584596349451;2017.30296479308;3.14178669566807;0.973115226682662;0.991363219714317;0.955356613757191;1.02872688507092;1.05223646539421;Pippip_sorting_customOCCITANIE_Coefs.csv
year;-0.274704797266167;0.130248575051037;-2.10908101803437;0.0349375890186247;2017.75625446748;3.10773215104046;0.75979638409187;0.91540016112862;0.84321080610805;0.993769824727469;1.10295406719374;Pippip_sorting_customPACA_Coefs.csv
year;0.158679275953294;0.0879009132949112;1.80520622602541;0.0710424170410323;2015.02473122593;4.55714780941142;1.17196200999954;1.03543317525443;0.997019393339953;1.07532698719724;1.09156835507913;Pippyg_sorting_0_Coefs.csv
year;0.124018082109873;0.0824880959502108;1.5034664175632;0.132718810586435;2015.5914490876;4.26057859697465;1.1320363404196;1.0295360587149;0.991200795738687;1.06935396011692;1.09300848573164;Pippyg_sorting_23_Coefs.csv
year;0.122293993960005;0.0825406273731475;1.48162181282124;0.138440951705447;2015.59041942605;4.26202702063452;1.13008629149102;1.02910949160133;0.990778954243084;1.06892293297957;1.09344562559802;Pippyg_sorting_45_Coefs.csv
year;0.0380578023588756;0.0968025328265657;0.393148828316932;0.694209561883378;2015.96827450429;4.28047253415115;1.03879127572929;1.00893067087405;0.965187018031332;1.05465684847961;2.87904611145054;Pippyg_sorting_custom_Coefs.csv
year;-0.340604904180762;0.183424737393646;-1.85691913217678;0.0633226601587669;2016.30854392298;3.21461690435659;0.711339900113983;0.899465075506671;0.804294483930877;1.00589701685154;946088017.596655;Pippyg_sorting_customBRETAGNE_Coefs.csv
year;-0.285561009231196;0.12616575556229;-2.26337969410575;0.0236122933945758;2017.56167284277;2.98067654074819;0.751592485699825;0.908642008963427;0.83630220973294;0.987239171252154;2.0051049951687;Pippyg_sorting_customOCCITANIE_Coefs.csv
year;0.336597240370439;0.0674356545259497;4.99138390124046;5.99482120580244e-07;2015.02473122593;4.55714780941142;1.40017501618753;1.07665755226132;1.04587962132908;1.10834120983088;1.04178461382174;Pleaur_sorting_0_Coefs.csv
year;0.117247537508681;0.0673490990137954;1.7408924428917;0.0817024336276385;2015.5914490876;4.26057859697465;1.12439772585657;1.0279013079168;0.99654301563668;1.06024635388371;1.04039281178456;Pleaur_sorting_23_Coefs.csv
year;0.125067721809009;0.0677296862956556;1.84657169771996;0.0648092392270215;2015.59041942605;4.26202702063452;1.13322519452845;1.02977945420103;0.998199657448383;1.0623583332069;1.04113463997127;Pleaur_sorting_45_Coefs.csv
year;0.0676968516809636;0.0820271970251168;0.825297634639823;0.409202634402505;2015.59041942605;4.26202702063452;1.07004087821248;1.01601053870384;0.978398871065659;1.05506807630811;1.06866396284426;Pleaur_sorting_custom_Coefs.csv
year;0.180645706803073;0.127679949292694;1.4148322254496;0.157117693197222;2016.05134424904;3.29438980040991;1.19799066415394;1.05636560791102;0.979094070144753;1.13973552859149;1.34089126277226;Pleaur_sorting_customBRETAGNE_Coefs.csv
year;-0.333869088709315;0.244263739992703;-1.36683851937782;0.171675926163669;2015.01417570879;4.52036742386042;0.716147527888089;0.928802795539195;0.835464051554463;1.03256942222269;1.03266099645621;Pleaur_sorting_customCENTRE_Coefs.csv
year;0.341498843152886;0.0559245197996824;6.10642423709868;1.01887966635305e-09;2015.02473122593;4.55714780941142;1.40705496555764;1.07781621268057;1.0522014980322;1.10405449002842;1.01825238858526;Pleaus_sorting_0_Coefs.csv
year;0.170678672525859;0.0550843887951506;3.0984944420566;0.00194506618445503;2015.5914490876;4.26057859697465;1.18610955819306;1.04087319879935;1.0148287625665;1.06758603612971;1.01913165352718;Pleaus_sorting_23_Coefs.csv
year;0.18157170973534;0.0553743408121474;3.27898638741916;0.00104180661155931;2015.59041942605;4.26202702063452;1.19910052080772;1.04352269458503;1.01728507199164;1.07043703293716;1.01946693222903;Pleaus_sorting_45_Coefs.csv
year;0.226443208802012;0.073789943777993;3.06875432082313;0.0021495328219061;2015.59041942605;4.26202702063452;1.25413138418769;1.05456715378502;1.01938231416402;1.09096642779628;1.02806006256327;Pleaus_sorting_custom_Coefs.csv
year;-0.179608897625203;0.119844963871783;-1.49867705594504;0.133957431747876;2016.05134424904;3.29438980040991;0.835596951464792;0.946939924662388;0.881773394929467;1.01692251782141;1.05359126984416;Pleaus_sorting_customBRETAGNE_Coefs.csv
year;0.686135862239199;0.34611808483647;1.98237506879589;0.0474372778104184;2013.43108384458;4.33591732648538;1.98602640725537;1.1714527940639;1.00179058399422;1.3698488193497;1.69179912390188;Pleaus_sorting_customNORMANDIE_Coefs.csv
year;0.250801592437926;0.103705848225762;2.41839391633869;0.0155891904086634;2015.02473122593;4.55714780941142;1.28505509438766;1.0565773537564;1.01048697974622;1.10477000381663;2.31401048427176;Rhifer_sorting_0_Coefs.csv
year;0.229612439098761;0.0970462959761112;2.36600930297517;0.0179809925828395;2015.5914490876;4.26057859697465;1.25811232028615;1.05537094724315;1.00929169161212;1.10355395327375;2.32753411561018;Rhifer_sorting_23_Coefs.csv
year;0.229718416732053;0.097080346493584;2.36627108399572;0.0179682823512292;2015.59041942605;4.26202702063452;1.25824565911762;1.05537786055311;1.00929781167904;1.10356171950153;2.32759350884261;Rhifer_sorting_45_Coefs.csv
year;0.162431525891921;0.112224558791493;1.44737950089614;0.147790663823709;2015.96827450429;4.28047253415115;1.17636776495733;1.03867628704904;0.986651062198005;1.09344475530649;156113.534294741;Rhifer_sorting_custom_Coefs.csv
year;0.105025434484505;0.118436082833649;0.886768896536543;0.375203336559246;2016.30854392298;3.21461690435659;1.11073886106678;1.0332107774036;0.961231782066732;1.11057970664232;5.2709470262567;Rhifer_sorting_customBRETAGNE_Coefs.csv
year;-3.66518307016338;2.38181806735005;-1.53881739348848;0.12384888235092;2014.78776978417;4.80693461341561;0.0255994843529243;0.466508869750049;0.176641495976992;1.23204643592814;18430252.4034883;Rhifer_sorting_customCENTRE_Coefs.csv
year;-0.28065705665612;0.174892368182279;-1.60474158805838;0.108550685508989;2017.56167284277;2.98067654074819;0.755287311826871;0.910138181000585;0.811265016106953;1.02106154224435;19.7444652752221;Rhifer_sorting_customOCCITANIE_Coefs.csv
year;0.292964814795681;0.0984637215401914;2.97535793095223;0.00292646868048402;2015.02473122593;4.55714780941142;1.34039562750795;1.0663982833234;1.02218147458686;1.11252779173554;1.03019914477058;Rhihip_sorting_0_Coefs.csv
year;0.261118509660261;0.0920631304429559;2.83629840093321;0.00456397817924716;2015.5914490876;4.26057859697465;1.29838152707013;1.0632041170561;1.01911636887136;1.10919913471406;1.0280122220422;Rhihip_sorting_23_Coefs.csv
year;0.261133217673979;0.0920959764609096;2.83544653858812;0.00457616734464342;2015.59041942605;4.26202702063452;1.29840062382388;1.06318564181154;1.01909793413088;1.109180649962;1.02813658675469;Rhihip_sorting_45_Coefs.csv
year;0.205658038376085;0.122635383698235;1.67698776791976;0.0935448738146673;2015.96827450429;4.28047253415115;1.22833308938991;1.04921853957818;0.991925516788606;1.10982077299376;3.21573200246711;Rhihip_sorting_custom_Coefs.csv
year;0.141776785830399;0.201702444457738;0.702900682297407;0.482117645928834;2016.30854392298;3.21461690435659;1.15231940580868;1.04509081824421;0.924155484788879;1.18185179480688;5.6355632586303;Rhihip_sorting_customBRETAGNE_Coefs.csv
year;-4.24423462330811;0.719317614380649;-5.90036242468844;3.62703948783129e-09;2014.78776978417;4.80693461341561;0.014346710115449;0.413565260068889;0.308438689511134;0.554522600932248;5488312.74485023;Rhihip_sorting_customCENTRE_Coefs.csv
year;0.282873152292777;1.12605972919933;0.251206170470114;0.801654714153453;2016.69756097561;3.66737760219215;1.32693683224647;1.08018494091172;0.591750552596034;1.97177594757395;13.3526467698348;Rhihip_sorting_customHDF_Coefs.csv
year;0.172748792557173;0.0617176953287497;2.79901560868398;0.00512586595846612;2015.02473122593;4.55714780941142;1.18856749057857;1.03863486112429;1.01142812857716;1.06657343637481;1.01448420925258;Tadten_sorting_0_Coefs.csv
year;0.0557462769039164;0.0599778325357379;0.929448006823185;0.352656958437751;2015.5914490876;4.26057859697465;1.05732938081665;1.01317017612732;0.985597742418747;1.04151395809278;1.01529609812227;Tadten_sorting_23_Coefs.csv
year;0.0523192814113986;0.06015292548829;0.869771187131764;0.38442546033709;2015.59041942605;4.26202702063452;1.05371211950377;1.01235133578598;0.98473112707957;1.04074624929048;1.01547263960872;Tadten_sorting_45_Coefs.csv
year;0.287782667031024;0.16737973866749;1.71933992323123;0.0855524944778617;2015.02473122593;4.55714780941142;1.3334674661854;1.06518632074694;0.991201044686956;1.14469400934171;1.03933315358652;Tadten_sorting_custom_Coefs.csv
year;0.663951662467724;0.486481209911103;1.3648043314747;0.172314557064125;2015.86584425598;3.50940314995229;1.94245310707767;1.20827314644195;0.920809278899697;1.58547924077964;1742.59575247017;Tadten_sorting_customBRETAGNE_Coefs.csv
year;-0.00773018085068027;0.201731373823644;-0.0383191801263303;0.969433198486806;2017.21015366074;3.24834273860163;0.992299620158807;0.997623098641499;0.883292302891362;1.12675254124282;1.11132832675631;Tadten_sorting_customOCCITANIE_Coefs.csv
