Part;FilToD;File0;File1;File2;Req2
572113636889e8000d41b5f2;Cir351213-2015-Pass1-Tron7-Chiro_1_00010_000;Cir351213-2015-Pass1-Tron7-Chiro_0_00010_000;Cir351213-2015-Pass1-Tron7-Chiro_1_00010_000;Cir351213-2015-Pass1-Tron7-Chiro_0_00010_000;"572113636889e8000d41b5f2;Cir351213-2015-Pass1-Tron7-Chiro_0_00010_000"
577bdb7389a6e5000de42a88;Cir153-2011-Pass2-Tron3-Chiro_0_00290_000;Cir153-2011-Pass2-Tron3-Chiro_0_00290_000;Cir153-2011-Pass2-Tron3-Chiro_1_00290_000;Cir153-2011-Pass2-Tron3-Chiro_1_00290_000;"577bdb7389a6e5000de42a88;Cir153-2011-Pass2-Tron3-Chiro_1_00290_000"
577f84db69bc94000ccdf4a0;Cir127-2013-Pass1-Tron7-Chiro_1_00195_000;Cir127-2013-Pass1-Tron7-Chiro_0_00195_000;Cir127-2013-Pass1-Tron7-Chiro_1_00195_000;Cir127-2013-Pass1-Tron7-Chiro_0_00195_000;"577f84db69bc94000ccdf4a0;Cir127-2013-Pass1-Tron7-Chiro_0_00195_000"
5785ff51a4fd00000d078ecb;Cir160-2013-Pass2-Tron6-Chiro_0_00100_000;Cir160-2013-Pass2-Tron6-Chiro_0_00100_000;Cir160-2013-Pass2-Tron6-Chiro_1_00100_000;Cir160-2013-Pass2-Tron6-Chiro_1_00100_000;"5785ff51a4fd00000d078ecb;Cir160-2013-Pass2-Tron6-Chiro_1_00100_000"
57860245033d97000e5048ad;Cir158-2013-Pass2-Tron3-Chiro_0_00260_000;Cir158-2013-Pass2-Tron3-Chiro_0_00260_000;Cir158-2013-Pass2-Tron3-Chiro_1_00260_000;Cir158-2013-Pass2-Tron3-Chiro_1_00260_000;"57860245033d97000e5048ad;Cir158-2013-Pass2-Tron3-Chiro_1_00260_000"
57860245033d97000e5048ad;Cir158-2013-Pass2-Tron7-Chiro_0_00275_000;Cir158-2013-Pass2-Tron7-Chiro_0_00275_000;Cir158-2013-Pass2-Tron7-Chiro_1_00275_000;Cir158-2013-Pass2-Tron7-Chiro_1_00275_000;"57860245033d97000e5048ad;Cir158-2013-Pass2-Tron7-Chiro_1_00275_000"
5790a7113d2942000eda98d5;Cir158-2014-Pass2-Tron10-Chiro_0_00295_000;Cir158-2014-Pass2-Tron10-Chiro_0_00295_000;Cir158-2014-Pass2-Tron10-Chiro_1_00295_000;Cir158-2014-Pass2-Tron10-Chiro_1_00295_000;"5790a7113d2942000eda98d5;Cir158-2014-Pass2-Tron10-Chiro_1_00295_000"
5792129aa449d9000c3a0b0c;Cir153-2014-Pass1-Tron4-Chiro_1_00270_000;Cir153-2014-Pass1-Tron4-Chiro_0_00270_000;Cir153-2014-Pass1-Tron4-Chiro_1_00270_000;Cir153-2014-Pass1-Tron4-Chiro_0_00270_000;"5792129aa449d9000c3a0b0c;Cir153-2014-Pass1-Tron4-Chiro_0_00270_000"
5798cd28fc1573000c0030fb;Cir151376-2010-Pass1-Tron2-Chiro_0_00115_000;Cir151376-2010-Pass1-Tron2-Chiro_0_00115_000;Cir151376-2010-Pass1-Tron2-Chiro_1_00115_000;Cir151376-2010-Pass1-Tron2-Chiro_1_00115_000;"5798cd28fc1573000c0030fb;Cir151376-2010-Pass1-Tron2-Chiro_1_00115_000"
57bb0f8b189513000e79507f;Cir434-2015-Pass1-Tron9-Chiro_1_00055_000;Cir434-2015-Pass1-Tron9-Chiro_0_00055_000;Cir434-2015-Pass1-Tron9-Chiro_1_00055_000;Cir434-2015-Pass1-Tron9-Chiro_0_00055_000;"57bb0f8b189513000e79507f;Cir434-2015-Pass1-Tron9-Chiro_0_00055_000"
57bb132c189513000ce421ec;Cir438-2015-Pass1-Tron4-Chiro_0_00360_000;Cir438-2015-Pass1-Tron4-Chiro_0_00360_000;Cir438-2015-Pass1-Tron4-Chiro_1_00360_000;Cir438-2015-Pass1-Tron4-Chiro_1_00360_000;"57bb132c189513000ce421ec;Cir438-2015-Pass1-Tron4-Chiro_1_00360_000"
57bb132c189513000ce421ec;Cir438-2015-Pass1-Tron4-Chiro_1_00365_000;Cir438-2015-Pass1-Tron4-Chiro_0_00365_000;Cir438-2015-Pass1-Tron4-Chiro_1_00365_000;Cir438-2015-Pass1-Tron4-Chiro_0_00365_000;"57bb132c189513000ce421ec;Cir438-2015-Pass1-Tron4-Chiro_0_00365_000"
57bb13c6992d9c000ec80512;Cir439-2015-Pass1-Tron3-Chiro_1_00290_000;Cir439-2015-Pass1-Tron3-Chiro_0_00290_000;Cir439-2015-Pass1-Tron3-Chiro_1_00290_000;Cir439-2015-Pass1-Tron3-Chiro_0_00290_000;"57bb13c6992d9c000ec80512;Cir439-2015-Pass1-Tron3-Chiro_0_00290_000"
57bd50cf2417ea000e145f11;Cir19-2014-Pass1-Tron4-Chiro_1_00355_000;Cir19-2014-Pass1-Tron4-Chiro_0_00355_000;Cir19-2014-Pass1-Tron4-Chiro_1_00355_000;Cir19-2014-Pass1-Tron4-Chiro_0_00355_000;"57bd50cf2417ea000e145f11;Cir19-2014-Pass1-Tron4-Chiro_0_00355_000"
57bd52ecffdbe1000d56297e;Cir439-2014-Pass1-Tron8-Chiro_1_00200_000;Cir439-2014-Pass1-Tron8-Chiro_0_00200_000;Cir439-2014-Pass1-Tron8-Chiro_1_00200_000;Cir439-2014-Pass1-Tron8-Chiro_0_00200_000;"57bd52ecffdbe1000d56297e;Cir439-2014-Pass1-Tron8-Chiro_0_00200_000"
57bea53cedd490000cf64dbb;Cir435-2013-Pass1-Tron1-Chiro_1_00080_000;Cir435-2013-Pass1-Tron1-Chiro_0_00080_000;Cir435-2013-Pass1-Tron1-Chiro_1_00080_000;Cir435-2013-Pass1-Tron1-Chiro_0_00080_000;"57bea53cedd490000cf64dbb;Cir435-2013-Pass1-Tron1-Chiro_0_00080_000"
57d026f88346500024dffa37;Cir438-2010-Pass1-Tron5-Chiro_1_00070_000;Cir438-2010-Pass1-Tron5-Chiro_0_00070_000;Cir438-2010-Pass1-Tron5-Chiro_1_00070_000;Cir438-2010-Pass1-Tron5-Chiro_0_00070_000;"57d026f88346500024dffa37;Cir438-2010-Pass1-Tron5-Chiro_0_00070_000"
57d028608346500021b079c8;Cir436-2010-Pass2-Tron1-Chiro_1_00240_000;Cir436-2010-Pass2-Tron1-Chiro_0_00240_000;Cir436-2010-Pass2-Tron1-Chiro_1_00240_000;Cir436-2010-Pass2-Tron1-Chiro_0_00240_000;"57d028608346500021b079c8;Cir436-2010-Pass2-Tron1-Chiro_0_00240_000"
57e163f4a544d3000cce7de0;Cir176-2016-Pass2-Tron4-Chiro_1_00150_000;Cir176-2016-Pass2-Tron4-Chiro_0_00150_000;Cir176-2016-Pass2-Tron4-Chiro_1_00150_000;Cir176-2016-Pass2-Tron4-Chiro_0_00150_000;"57e163f4a544d3000cce7de0;Cir176-2016-Pass2-Tron4-Chiro_0_00150_000"
57e270820c6165000ea80900;Cir441278-2016-Pass1-Tron3-Chiro_1_00060_000;Cir441278-2016-Pass1-Tron3-Chiro_0_00060_000;Cir441278-2016-Pass1-Tron3-Chiro_1_00060_000;Cir441278-2016-Pass1-Tron3-Chiro_0_00060_000;"57e270820c6165000ea80900;Cir441278-2016-Pass1-Tron3-Chiro_0_00060_000"
57fcf91a094acd000e508d77;Cir382-2016-Pass1-Tron1-Chiro_1_00155_000;Cir382-2016-Pass1-Tron1-Chiro_0_00155_000;Cir382-2016-Pass1-Tron1-Chiro_1_00155_000;Cir382-2016-Pass1-Tron1-Chiro_0_00155_000;"57fcf91a094acd000e508d77;Cir382-2016-Pass1-Tron1-Chiro_0_00155_000"
57fcf91a094acd000e508d77;Cir382-2016-Pass1-Tron3-Chiro_1_00240_000;Cir382-2016-Pass1-Tron3-Chiro_0_00240_000;Cir382-2016-Pass1-Tron3-Chiro_1_00240_000;Cir382-2016-Pass1-Tron3-Chiro_0_00240_000;"57fcf91a094acd000e508d77;Cir382-2016-Pass1-Tron3-Chiro_0_00240_000"
57ffac57b7c8d4000d36d34a;Cir2-2006-Pass2-Tron11-Chiro_1_00039_985;Cir2-2006-Pass2-Tron11-Chiro_0_00039_985;Cir2-2006-Pass2-Tron11-Chiro_1_00039_985;Cir2-2006-Pass2-Tron11-Chiro_0_00039_985;"57ffac57b7c8d4000d36d34a;Cir2-2006-Pass2-Tron11-Chiro_0_00039_985"
57fface8e403ab000d6ec7cc;Cir3-2006-Pass1-Tron9-Chiro_1_00239_909;Cir3-2006-Pass1-Tron9-Chiro_0_00239_909;Cir3-2006-Pass1-Tron9-Chiro_1_00239_909;Cir3-2006-Pass1-Tron9-Chiro_0_00239_909;"57fface8e403ab000d6ec7cc;Cir3-2006-Pass1-Tron9-Chiro_0_00239_909"
57ffafb1b7c8d4000d36d39a;Cir6-2006-Pass1-Tron9-Chiro_1_00044_983;Cir6-2006-Pass1-Tron9-Chiro_0_00044_983;Cir6-2006-Pass1-Tron9-Chiro_1_00044_983;Cir6-2006-Pass1-Tron9-Chiro_0_00044_983;"57ffafb1b7c8d4000d36d39a;Cir6-2006-Pass1-Tron9-Chiro_0_00044_983"
5804ef29ab5c17000c266af7;Cir380-2010-Pass1-Tron2-Chiro_1_00129_950;Cir380-2010-Pass1-Tron2-Chiro_0_00129_950;Cir380-2010-Pass1-Tron2-Chiro_1_00129_950;Cir380-2010-Pass1-Tron2-Chiro_0_00129_950;"5804ef29ab5c17000c266af7;Cir380-2010-Pass1-Tron2-Chiro_0_00129_950"
5804efb0cdb46e000e85b3d3;Cir380-2010-Pass2-Tron4-Chiro_0_00210_000;Cir380-2010-Pass2-Tron4-Chiro_0_00210_000;Cir380-2010-Pass2-Tron4-Chiro_1_00210_000;Cir380-2010-Pass2-Tron4-Chiro_1_00210_000;"5804efb0cdb46e000e85b3d3;Cir380-2010-Pass2-Tron4-Chiro_1_00210_000"
581710b8d9629c000c77f13e;Cir7-2007-Pass2-Tron1-Chiro_0_00019_992;Cir7-2007-Pass2-Tron1-Chiro_0_00019_992;Cir7-2007-Pass2-Tron1-Chiro_1_00019_992;Cir7-2007-Pass2-Tron1-Chiro_1_00019_992;"581710b8d9629c000c77f13e;Cir7-2007-Pass2-Tron1-Chiro_1_00019_992"
58171f27d9629c000db0e6f3;Cir37-2007-Pass1-Tron2-Chiro_1_00179_931;Cir37-2007-Pass1-Tron2-Chiro_0_00179_931;Cir37-2007-Pass1-Tron2-Chiro_1_00179_931;Cir37-2007-Pass1-Tron2-Chiro_0_00179_931;"58171f27d9629c000db0e6f3;Cir37-2007-Pass1-Tron2-Chiro_0_00179_931"
5817415f460bba000cb73001;Cir61-2007-Pass1-Tron7-Chiro_1_00014_994;Cir61-2007-Pass1-Tron7-Chiro_0_00014_994;Cir61-2007-Pass1-Tron7-Chiro_1_00014_994;Cir61-2007-Pass1-Tron7-Chiro_0_00014_994;"5817415f460bba000cb73001;Cir61-2007-Pass1-Tron7-Chiro_0_00014_994"
581cbf7b530660000cdb89b5;Cir94-2007-Pass2-Tron8-Chiro_1_00014_994;Cir94-2007-Pass2-Tron8-Chiro_0_00014_994;Cir94-2007-Pass2-Tron8-Chiro_1_00014_994;Cir94-2007-Pass2-Tron8-Chiro_0_00014_994;"581cbf7b530660000cdb89b5;Cir94-2007-Pass2-Tron8-Chiro_0_00014_994"
582474d9c4cffa000d284a82;Cir6-2008-Pass2-Tron8-Chiro_0_00129_950;Cir6-2008-Pass2-Tron8-Chiro_0_00129_950;Cir6-2008-Pass2-Tron8-Chiro_1_00129_950;Cir6-2008-Pass2-Tron8-Chiro_1_00129_950;"582474d9c4cffa000d284a82;Cir6-2008-Pass2-Tron8-Chiro_1_00129_950"
58247be2c4cffa000e881704;Cir11-2008-Pass1-Tron3-Chiro_1_00044_983;Cir11-2008-Pass1-Tron3-Chiro_0_00044_983;Cir11-2008-Pass1-Tron3-Chiro_1_00044_983;Cir11-2008-Pass1-Tron3-Chiro_0_00044_983;"58247be2c4cffa000e881704;Cir11-2008-Pass1-Tron3-Chiro_0_00044_983"
58247be2c4cffa000e881704;Cir11-2008-Pass1-Tron5-Chiro_1_00214_918;Cir11-2008-Pass1-Tron5-Chiro_0_00214_918;Cir11-2008-Pass1-Tron5-Chiro_1_00214_918;Cir11-2008-Pass1-Tron5-Chiro_0_00214_918;"58247be2c4cffa000e881704;Cir11-2008-Pass1-Tron5-Chiro_0_00214_918"
58247dac50f6b2000e918881;Cir14-2008-Pass2-Tron8-Chiro_1_00294_888;Cir14-2008-Pass2-Tron8-Chiro_0_00294_888;Cir14-2008-Pass2-Tron8-Chiro_1_00294_888;Cir14-2008-Pass2-Tron8-Chiro_0_00294_888;"58247dac50f6b2000e918881;Cir14-2008-Pass2-Tron8-Chiro_0_00294_888"
5824b5bcc4cffa000d284ba7;Cir37-2009-Pass1-Tron6-Chiro_1_00024_990;Cir37-2009-Pass1-Tron6-Chiro_0_00024_990;Cir37-2009-Pass1-Tron6-Chiro_1_00024_990;Cir37-2009-Pass1-Tron6-Chiro_0_00024_990;"5824b5bcc4cffa000d284ba7;Cir37-2009-Pass1-Tron6-Chiro_0_00024_990"
582b1087783121000e306a4b;Cir63-2008-Pass1-Tron10-Chiro_1_00039_985;Cir63-2008-Pass1-Tron10-Chiro_0_00039_985;Cir63-2008-Pass1-Tron10-Chiro_1_00039_985;Cir63-2008-Pass1-Tron10-Chiro_0_00039_985;"582b1087783121000e306a4b;Cir63-2008-Pass1-Tron10-Chiro_0_00039_985"
582b1087783121000e306a4b;Cir63-2008-Pass1-Tron9-Chiro_1_00104_960;Cir63-2008-Pass1-Tron9-Chiro_0_00104_960;Cir63-2008-Pass1-Tron9-Chiro_1_00104_960;Cir63-2008-Pass1-Tron9-Chiro_0_00104_960;"582b1087783121000e306a4b;Cir63-2008-Pass1-Tron9-Chiro_0_00104_960"
582b136d783121000fce8c11;Cir64-2008-Pass1-Tron4-Chiro_1_00284_891;Cir64-2008-Pass1-Tron4-Chiro_0_00284_891;Cir64-2008-Pass1-Tron4-Chiro_1_00284_891;Cir64-2008-Pass1-Tron4-Chiro_0_00284_891;"582b136d783121000fce8c11;Cir64-2008-Pass1-Tron4-Chiro_0_00284_891"
582c5cc2f769f8000fde0204;Cir80-2008-Pass2-Tron7-Chiro_1_00214_918;Cir80-2008-Pass2-Tron7-Chiro_0_00214_918;Cir80-2008-Pass2-Tron7-Chiro_1_00214_918;Cir80-2008-Pass2-Tron7-Chiro_0_00214_918;"582c5cc2f769f8000fde0204;Cir80-2008-Pass2-Tron7-Chiro_0_00214_918"
582d725eca7450000d770f9a;Cir105-2008-Pass1-Tron6-Chiro_1_00064_975;Cir105-2008-Pass1-Tron6-Chiro_0_00064_975;Cir105-2008-Pass1-Tron6-Chiro_1_00064_975;Cir105-2008-Pass1-Tron6-Chiro_0_00064_975;"582d725eca7450000d770f9a;Cir105-2008-Pass1-Tron6-Chiro_0_00064_975"
582d72bfca7450000f88f111;Cir105-2008-Pass2-Tron10-Chiro_1_00389_851;Cir105-2008-Pass2-Tron10-Chiro_0_00389_851;Cir105-2008-Pass2-Tron10-Chiro_1_00389_851;Cir105-2008-Pass2-Tron10-Chiro_0_00389_851;"582d72bfca7450000f88f111;Cir105-2008-Pass2-Tron10-Chiro_0_00389_851"
582d72bfca7450000f88f111;Cir105-2008-Pass2-Tron4-Chiro_1_00109_958;Cir105-2008-Pass2-Tron4-Chiro_0_00109_958;Cir105-2008-Pass2-Tron4-Chiro_1_00109_958;Cir105-2008-Pass2-Tron4-Chiro_0_00109_958;"582d72bfca7450000f88f111;Cir105-2008-Pass2-Tron4-Chiro_0_00109_958"
582d767351c70b000fd34811;Cir332150-2008-Pass2-Tron5-Chiro_1_00189_928;Cir332150-2008-Pass2-Tron5-Chiro_0_00189_928;Cir332150-2008-Pass2-Tron5-Chiro_1_00189_928;Cir332150-2008-Pass2-Tron5-Chiro_0_00189_928;"582d767351c70b000fd34811;Cir332150-2008-Pass2-Tron5-Chiro_0_00189_928"
5831aee91d3078000f5c37b8;Cir112-2008-Pass1-Tron4-Chiro_1_00169_935;Cir112-2008-Pass1-Tron4-Chiro_0_00169_935;Cir112-2008-Pass1-Tron4-Chiro_1_00169_935;Cir112-2008-Pass1-Tron4-Chiro_0_00169_935;"5831aee91d3078000f5c37b8;Cir112-2008-Pass1-Tron4-Chiro_0_00169_935"
5836dbf618fd61000eb30d38;Cir122-2008-Pass1-Tron10-Chiro_1_00065_000;Cir122-2008-Pass1-Tron10-Chiro_0_00065_000;Cir122-2008-Pass1-Tron10-Chiro_1_00065_000;Cir122-2008-Pass1-Tron10-Chiro_0_00065_000;"5836dbf618fd61000eb30d38;Cir122-2008-Pass1-Tron10-Chiro_0_00065_000"
5889e8c17ac9bdd021000033;Cir10-2010-Pass1-Tron4-Chiro_1_00049_981;Cir10-2010-Pass1-Tron4-Chiro_0_00049_981;Cir10-2010-Pass1-Tron4-Chiro_1_00049_981;Cir10-2010-Pass1-Tron4-Chiro_0_00049_981;"5889e8c17ac9bdd021000033;Cir10-2010-Pass1-Tron4-Chiro_0_00049_981"
588a24cd7ac9bd081c00007f;Cir126-2011-Pass1-Tron6-Chiro_0_00130_000;Cir126-2011-Pass1-Tron6-Chiro_0_00130_000;Cir126-2011-Pass1-Tron6-Chiro_1_00130_000;Cir126-2011-Pass1-Tron6-Chiro_1_00130_000;"588a24cd7ac9bd081c00007f;Cir126-2011-Pass1-Tron6-Chiro_1_00130_000"
588a24cd7ac9bd081c0000a7;Cir130-2009-Pass1-Tron8-Chiro_1_00060_000;Cir130-2009-Pass1-Tron8-Chiro_0_00060_000;Cir130-2009-Pass1-Tron8-Chiro_1_00060_000;Cir130-2009-Pass1-Tron8-Chiro_0_00060_000;"588a24cd7ac9bd081c0000a7;Cir130-2009-Pass1-Tron8-Chiro_0_00060_000"
588a24cd7ac9bd081c0000ad;Cir131-2010-Pass1-Tron8-Chiro_0_00104_960;Cir131-2010-Pass1-Tron8-Chiro_0_00104_960;Cir131-2010-Pass1-Tron8-Chiro_1_00104_960;Cir131-2010-Pass1-Tron8-Chiro_1_00104_960;"588a24cd7ac9bd081c0000ad;Cir131-2010-Pass1-Tron8-Chiro_1_00104_960"
588a24ce7ac9bd081c0000b3;Cir131-2009-Pass2-Tron9-Chiro_1_00104_960;Cir131-2009-Pass2-Tron9-Chiro_0_00104_960;Cir131-2009-Pass2-Tron9-Chiro_1_00104_960;Cir131-2009-Pass2-Tron9-Chiro_0_00104_960;"588a24ce7ac9bd081c0000b3;Cir131-2009-Pass2-Tron9-Chiro_0_00104_960"
588b0add7ac9bd081c000159;Cir910186-2010-Pass1-Tron9-Chiro_1_00015_000;Cir910186-2010-Pass1-Tron9-Chiro_0_00015_000;Cir910186-2010-Pass1-Tron9-Chiro_1_00015_000;Cir910186-2010-Pass1-Tron9-Chiro_0_00015_000;"588b0add7ac9bd081c000159;Cir910186-2010-Pass1-Tron9-Chiro_0_00015_000"
588b0ade7ac9bd081c000189;Cir159-2008-Pass1-Tron7-Chiro_1_00074_971;Cir159-2008-Pass1-Tron7-Chiro_0_00074_971;Cir159-2008-Pass1-Tron7-Chiro_1_00074_971;Cir159-2008-Pass1-Tron7-Chiro_0_00074_971;"588b0ade7ac9bd081c000189;Cir159-2008-Pass1-Tron7-Chiro_0_00074_971"
588b0ae07ac9bd081c0001e7;Cir190-2009-Pass2-Tron6-Chiro_1_00160_000;Cir190-2009-Pass2-Tron6-Chiro_0_00160_000;Cir190-2009-Pass2-Tron6-Chiro_1_00160_000;Cir190-2009-Pass2-Tron6-Chiro_0_00160_000;"588b0ae07ac9bd081c0001e7;Cir190-2009-Pass2-Tron6-Chiro_0_00160_000"
588b0ae07ac9bd081c0001eb;Cir191-2009-Pass2-Tron7-Chiro_1_00215_000;Cir191-2009-Pass2-Tron7-Chiro_0_00215_000;Cir191-2009-Pass2-Tron7-Chiro_1_00215_000;Cir191-2009-Pass2-Tron7-Chiro_0_00215_000;"588b0ae07ac9bd081c0001eb;Cir191-2009-Pass2-Tron7-Chiro_0_00215_000"
588b0ae77ac9bd081c00034b;Cir021745-2010-Pass2-Tron1-Chiro_1_00285_000;Cir021745-2010-Pass2-Tron1-Chiro_0_00285_000;Cir021745-2010-Pass2-Tron1-Chiro_1_00285_000;Cir021745-2010-Pass2-Tron1-Chiro_0_00285_000;"588b0ae77ac9bd081c00034b;Cir021745-2010-Pass2-Tron1-Chiro_0_00285_000"
588b0ae97ac9bd081c000399;Cir57-2012-Pass1-Tron1-Chiro_1_00005_000;Cir57-2012-Pass1-Tron1-Chiro_0_00005_000;Cir57-2012-Pass1-Tron1-Chiro_1_00005_000;Cir57-2012-Pass1-Tron1-Chiro_0_00005_000;"588b0ae97ac9bd081c000399;Cir57-2012-Pass1-Tron1-Chiro_0_00005_000"
588b0aec7ac9bd081c00042a;Cir83-2010-Pass2-Tron1-Chiro_0_00100_000;Cir83-2010-Pass2-Tron1-Chiro_0_00100_000;Cir83-2010-Pass2-Tron1-Chiro_1_00100_000;Cir83-2010-Pass2-Tron1-Chiro_1_00100_000;"588b0aec7ac9bd081c00042a;Cir83-2010-Pass2-Tron1-Chiro_1_00100_000"
588b0aec7ac9bd081c000432;Cir83-2010-Pass1-Tron1-Chiro_0_00095_000;Cir83-2010-Pass1-Tron1-Chiro_0_00095_000;Cir83-2010-Pass1-Tron1-Chiro_1_00095_000;Cir83-2010-Pass1-Tron1-Chiro_1_00095_000;"588b0aec7ac9bd081c000432;Cir83-2010-Pass1-Tron1-Chiro_1_00095_000"
588b0aec7ac9bd081c000436;Cir83-2012-Pass1-Tron9-Chiro_0_00220_000;Cir83-2012-Pass1-Tron9-Chiro_0_00220_000;Cir83-2012-Pass1-Tron9-Chiro_1_00220_000;Cir83-2012-Pass1-Tron9-Chiro_1_00220_000;"588b0aec7ac9bd081c000436;Cir83-2012-Pass1-Tron9-Chiro_1_00220_000"
588b0aec7ac9bd081c000440;Cir84-2009-Pass2-Tron4-Chiro_0_00350_000;Cir84-2009-Pass2-Tron4-Chiro_0_00350_000;Cir84-2009-Pass2-Tron4-Chiro_1_00350_000;Cir84-2009-Pass2-Tron4-Chiro_1_00350_000;"588b0aec7ac9bd081c000440;Cir84-2009-Pass2-Tron4-Chiro_1_00350_000"
588b0aed7ac9bd081c000474;Cir87-2012-Pass1-Tron10-Chiro_0_00345_000;Cir87-2012-Pass1-Tron10-Chiro_0_00345_000;Cir87-2012-Pass1-Tron10-Chiro_1_00345_000;Cir87-2012-Pass1-Tron10-Chiro_1_00345_000;"588b0aed7ac9bd081c000474;Cir87-2012-Pass1-Tron10-Chiro_1_00345_000"
58c1c2fd1d1968f8140000b6;Cir750016-2012-Pass1-Tron8-Chiro_1_00289_890;Cir750016-2012-Pass1-Tron8-Chiro_0_00289_890;Cir750016-2012-Pass1-Tron8-Chiro_1_00289_890;Cir750016-2012-Pass1-Tron8-Chiro_0_00289_890;"58c1c2fd1d1968f8140000b6;Cir750016-2012-Pass1-Tron8-Chiro_0_00289_890"
58c1c2fe1d1968f8140000be;Cir940008-2010-Pass2-Tron13-Chiro_1_00005_000;Cir940008-2010-Pass2-Tron13-Chiro_0_00005_000;Cir940008-2010-Pass2-Tron13-Chiro_1_00005_000;Cir940008-2010-Pass2-Tron13-Chiro_0_00005_000;"58c1c2fe1d1968f8140000be;Cir940008-2010-Pass2-Tron13-Chiro_0_00005_000"
58c1c2fe1d1968f8140000be;Cir940008-2010-Pass2-Tron3-Chiro_1_00235_000;Cir940008-2010-Pass2-Tron3-Chiro_0_00235_000;Cir940008-2010-Pass2-Tron3-Chiro_1_00235_000;Cir940008-2010-Pass2-Tron3-Chiro_0_00235_000;"58c1c2fe1d1968f8140000be;Cir940008-2010-Pass2-Tron3-Chiro_0_00235_000"
58c1c2fe1d1968f8140000c8;Cir750007-2009-Pass1-Tron4-Chiro_1_00049_981;Cir750007-2009-Pass1-Tron4-Chiro_0_00049_981;Cir750007-2009-Pass1-Tron4-Chiro_1_00049_981;Cir750007-2009-Pass1-Tron4-Chiro_0_00049_981;"58c1c2fe1d1968f8140000c8;Cir750007-2009-Pass1-Tron4-Chiro_0_00049_981"
58c1c2fe1d1968f8140000ca;Cir750008-2009-Pass1-Tron10-Chiro_1_00344_869;Cir750008-2009-Pass1-Tron10-Chiro_0_00344_869;Cir750008-2009-Pass1-Tron10-Chiro_1_00344_869;Cir750008-2009-Pass1-Tron10-Chiro_0_00344_869;"58c1c2fe1d1968f8140000ca;Cir750008-2009-Pass1-Tron10-Chiro_0_00344_869"
58c1c3071d1968f814000174;Cir81-2011-Pass2-Tron2-Chiro_0_00250_000;Cir81-2011-Pass2-Tron2-Chiro_0_00250_000;Cir81-2011-Pass2-Tron2-Chiro_1_00250_000;Cir81-2011-Pass2-Tron2-Chiro_1_00250_000;"58c1c3071d1968f814000174;Cir81-2011-Pass2-Tron2-Chiro_1_00250_000"
58c1c3081d1968f814000178;Cir82-2011-Pass1-Tron10-Chiro_0_00345_000;Cir82-2011-Pass1-Tron10-Chiro_0_00345_000;Cir82-2011-Pass1-Tron10-Chiro_1_00345_000;Cir82-2011-Pass1-Tron10-Chiro_1_00345_000;"58c1c3081d1968f814000178;Cir82-2011-Pass1-Tron10-Chiro_1_00345_000"
58c1c3081d1968f814000180;Cir84-2011-Pass2-Tron5-Chiro_0_00385_000;Cir84-2011-Pass2-Tron5-Chiro_0_00385_000;Cir84-2011-Pass2-Tron5-Chiro_1_00385_000;Cir84-2011-Pass2-Tron5-Chiro_1_00385_000;"58c1c3081d1968f814000180;Cir84-2011-Pass2-Tron5-Chiro_1_00385_000"
58c27a07e9638b000d065110;Cir436-2009-Pass2-Tron10-Chiro_1_00420_000;Cir436-2009-Pass2-Tron10-Chiro_0_00420_000;Cir436-2009-Pass2-Tron10-Chiro_1_00420_000;Cir436-2009-Pass2-Tron10-Chiro_0_00420_000;"58c27a07e9638b000d065110;Cir436-2009-Pass2-Tron10-Chiro_0_00420_000"
58c58d6cf829ca000e3dcdb1;Cir910049-2008-Pass1-Tron4-Chiro_1_00345_000;Cir910049-2008-Pass1-Tron4-Chiro_0_00345_000;Cir910049-2008-Pass1-Tron4-Chiro_1_00345_000;Cir910049-2008-Pass1-Tron4-Chiro_0_00345_000;"58c58d6cf829ca000e3dcdb1;Cir910049-2008-Pass1-Tron4-Chiro_0_00345_000"
58c81044457f84000e50cea0;Cir290367-2011-Pass1-Tron6-Chiro_1_00210_000;Cir290367-2011-Pass1-Tron6-Chiro_0_00210_000;Cir290367-2011-Pass1-Tron6-Chiro_1_00210_000;Cir290367-2011-Pass1-Tron6-Chiro_0_00210_000;"58c81044457f84000e50cea0;Cir290367-2011-Pass1-Tron6-Chiro_0_00210_000"
58c93cf882ec0a000d14cd62;Cir910186-2009-Pass2-Tron9-Chiro_1_00000_000;Cir910186-2009-Pass2-Tron9-Chiro_0_00000_000;Cir910186-2009-Pass2-Tron9-Chiro_1_00000_000;Cir910186-2009-Pass2-Tron9-Chiro_0_00000_000;"58c93cf882ec0a000d14cd62;Cir910186-2009-Pass2-Tron9-Chiro_0_00000_000"
58cfa6fda4d398000f54619e;Cir179-2009-Pass1-Tron9-Chiro_1_00105_000;Cir179-2009-Pass1-Tron9-Chiro_0_00105_000;Cir179-2009-Pass1-Tron9-Chiro_1_00105_000;Cir179-2009-Pass1-Tron9-Chiro_0_00105_000;"58cfa6fda4d398000f54619e;Cir179-2009-Pass1-Tron9-Chiro_0_00105_000"
58cfb5c78ca97e000dc708cf;Cir267-2009-Pass2-Tron7-Chiro_0_00270_000;Cir267-2009-Pass2-Tron7-Chiro_0_00270_000;Cir267-2009-Pass2-Tron7-Chiro_1_00270_000;Cir267-2009-Pass2-Tron7-Chiro_1_00270_000;"58cfb5c78ca97e000dc708cf;Cir267-2009-Pass2-Tron7-Chiro_1_00270_000"
58d28968119aeb000d0f7816;Cir265-2010-Pass1-Tron1-Chiro_1_00220_000;Cir265-2010-Pass1-Tron1-Chiro_0_00220_000;Cir265-2010-Pass1-Tron1-Chiro_1_00220_000;Cir265-2010-Pass1-Tron1-Chiro_0_00220_000;"58d28968119aeb000d0f7816;Cir265-2010-Pass1-Tron1-Chiro_0_00220_000"
595a0a953c1282000df111c7;Cir8-2010-Pass1-Tron8-Chiro_1_00020_000;Cir8-2010-Pass1-Tron8-Chiro_0_00020_000;Cir8-2010-Pass1-Tron8-Chiro_1_00020_000;Cir8-2010-Pass1-Tron8-Chiro_0_00020_000;"595a0a953c1282000df111c7;Cir8-2010-Pass1-Tron8-Chiro_0_00020_000"
595a0ba73c1282000df111d0;Cir6-2010-Pass1-Tron3-Chiro_1_00094_964;Cir6-2010-Pass1-Tron3-Chiro_0_00094_964;Cir6-2010-Pass1-Tron3-Chiro_1_00094_964;Cir6-2010-Pass1-Tron3-Chiro_0_00094_964;"595a0ba73c1282000df111d0;Cir6-2010-Pass1-Tron3-Chiro_0_00094_964"
5971bd4014cbac000d1a7cf3;Cir80-2017-Pass1-Tron2-Chiro_0_00065_000;Cir80-2017-Pass1-Tron2-Chiro_0_00065_000;Cir80-2017-Pass1-Tron2-Chiro_1_00065_000;Cir80-2017-Pass1-Tron2-Chiro_1_00065_000;"5971bd4014cbac000d1a7cf3;Cir80-2017-Pass1-Tron2-Chiro_1_00065_000"
597705c491a93e000f3277f9;Cir82-2017-Pass1-Tron6-Chiro_0_00230_000;Cir82-2017-Pass1-Tron6-Chiro_0_00230_000;Cir82-2017-Pass1-Tron6-Chiro_1_00230_000;Cir82-2017-Pass1-Tron6-Chiro_1_00230_000;"597705c491a93e000f3277f9;Cir82-2017-Pass1-Tron6-Chiro_1_00230_000"
59819f8d88b57c000e06c242;Cir84-2017-Pass1-Tron2-Chiro_0_00200_000;Cir84-2017-Pass1-Tron2-Chiro_0_00200_000;Cir84-2017-Pass1-Tron2-Chiro_1_00200_000;Cir84-2017-Pass1-Tron2-Chiro_1_00200_000;"59819f8d88b57c000e06c242;Cir84-2017-Pass1-Tron2-Chiro_1_00200_000"
59a8051109b71b000e3aa148;Cir86-2016-Pass2-Tron4-Chiro_0_00260_000;Cir86-2016-Pass2-Tron4-Chiro_0_00260_000;Cir86-2016-Pass2-Tron4-Chiro_1_00260_000;Cir86-2016-Pass2-Tron4-Chiro_1_00260_000;"59a8051109b71b000e3aa148;Cir86-2016-Pass2-Tron4-Chiro_1_00260_000"
59b241828d102f000d670052;Cir127-2017-Pass1-Tron2-Chiro_1_00185_000;Cir127-2017-Pass1-Tron2-Chiro_0_00185_000;Cir127-2017-Pass1-Tron2-Chiro_1_00185_000;Cir127-2017-Pass1-Tron2-Chiro_0_00185_000;"59b241828d102f000d670052;Cir127-2017-Pass1-Tron2-Chiro_0_00185_000"
5ae9c9df2a276f000ef4b19e;Cir12-2015-Pass1-Tron9-Chiro_1_00185_000;Cir12-2015-Pass1-Tron9-Chiro_0_00185_000;Cir12-2015-Pass1-Tron9-Chiro_1_00185_000;Cir12-2015-Pass1-Tron9-Chiro_0_00185_000;"5ae9c9df2a276f000ef4b19e;Cir12-2015-Pass1-Tron9-Chiro_0_00185_000"
5b88f6fda69992000ed4eca8;Cir87-2018-Pass2-Tron4-Chiro_0_00325_000;Cir87-2018-Pass2-Tron4-Chiro_0_00325_000;Cir87-2018-Pass2-Tron4-Chiro_1_00325_000;Cir87-2018-Pass2-Tron4-Chiro_1_00325_000;"5b88f6fda69992000ed4eca8;Cir87-2018-Pass2-Tron4-Chiro_1_00325_000"
5bb34f521fd7c8000f957b0f;Cir435-2018-Pass1-Tron9-Chiro_1_00255_000;Cir435-2018-Pass1-Tron9-Chiro_0_00255_000;Cir435-2018-Pass1-Tron9-Chiro_1_00255_000;Cir435-2018-Pass1-Tron9-Chiro_0_00255_000;"5bb34f521fd7c8000f957b0f;Cir435-2018-Pass1-Tron9-Chiro_0_00255_000"
5bb4ce03b245a9000f3f3279;Cir436-2018-Pass2-Tron2-Chiro_1_00115_000;Cir436-2018-Pass2-Tron2-Chiro_0_00115_000;Cir436-2018-Pass2-Tron2-Chiro_1_00115_000;Cir436-2018-Pass2-Tron2-Chiro_0_00115_000;"5bb4ce03b245a9000f3f3279;Cir436-2018-Pass2-Tron2-Chiro_0_00115_000"
5bb627bd0eb4fc000dcd1e34;Cir438-2018-Pass2-Tron1-Chiro_1_00134_949;Cir438-2018-Pass2-Tron1-Chiro_0_00134_949;Cir438-2018-Pass2-Tron1-Chiro_1_00134_949;Cir438-2018-Pass2-Tron1-Chiro_0_00134_949;"5bb627bd0eb4fc000dcd1e34;Cir438-2018-Pass2-Tron1-Chiro_0_00134_949"
5bb70e3b2e5008000df92804;Cir439-2018-Pass2-Tron9-Chiro_1_00129_950;Cir439-2018-Pass2-Tron9-Chiro_0_00129_950;Cir439-2018-Pass2-Tron9-Chiro_1_00129_950;Cir439-2018-Pass2-Tron9-Chiro_0_00129_950;"5bb70e3b2e5008000df92804;Cir439-2018-Pass2-Tron9-Chiro_0_00129_950"
5cab1292bb0acb00165dafea;Cir625-2018-Pass1-Tron1-Chiro_1_00075_000;Cir625-2018-Pass1-Tron1-Chiro_0_00075_000;Cir625-2018-Pass1-Tron1-Chiro_1_00075_000;Cir625-2018-Pass1-Tron1-Chiro_0_00075_000;"5cab1292bb0acb00165dafea;Cir625-2018-Pass1-Tron1-Chiro_0_00075_000"
5cab2ad2bb0acb000f8fe0fa;Cir624-2018-Pass1-Tron3-Chiro_1_00665_000;Cir624-2018-Pass1-Tron3-Chiro_0_00665_000;Cir624-2018-Pass1-Tron3-Chiro_1_00665_000;Cir624-2018-Pass1-Tron3-Chiro_0_00665_000;"5cab2ad2bb0acb000f8fe0fa;Cir624-2018-Pass1-Tron3-Chiro_0_00665_000"
5dd26f04993dee000d894c4d;Cir623-2019-Pass1-Tron8-Chiro_1_00435_000;Cir623-2019-Pass1-Tron8-Chiro_0_00435_000;Cir623-2019-Pass1-Tron8-Chiro_1_00435_000;Cir623-2019-Pass1-Tron8-Chiro_0_00435_000;"5dd26f04993dee000d894c4d;Cir623-2019-Pass1-Tron8-Chiro_0_00435_000"
5dd26f04993dee000d894c4d;Cir623-2019-Pass1-Tron8-Chiro_1_00560_000;Cir623-2019-Pass1-Tron8-Chiro_0_00560_000;Cir623-2019-Pass1-Tron8-Chiro_1_00560_000;Cir623-2019-Pass1-Tron8-Chiro_0_00560_000;"5dd26f04993dee000d894c4d;Cir623-2019-Pass1-Tron8-Chiro_0_00560_000"
5dd29fb6eaec2e000f9d76e7;Cir622-2019-Pass1-Tron6-Chiro_1_00400_000;Cir622-2019-Pass1-Tron6-Chiro_0_00400_000;Cir622-2019-Pass1-Tron6-Chiro_1_00400_000;Cir622-2019-Pass1-Tron6-Chiro_0_00400_000;"5dd29fb6eaec2e000f9d76e7;Cir622-2019-Pass1-Tron6-Chiro_0_00400_000"
5e2066c4ca3748000e643857;Cir438-2019-Pass2-Tron2-Chiro_1_00045_000;Cir438-2019-Pass2-Tron2-Chiro_0_00045_000;Cir438-2019-Pass2-Tron2-Chiro_1_00045_000;Cir438-2019-Pass2-Tron2-Chiro_0_00045_000;"5e2066c4ca3748000e643857;Cir438-2019-Pass2-Tron2-Chiro_0_00045_000"
5e9ff7cb5d4d3fbc4200002b;Cir351646-2018-Pass2-Tron2-Chiro_0_00290_000;Cir351646-2018-Pass2-Tron2-Chiro_0_00290_000;Cir351646-2018-Pass2-Tron2-Chiro_1_00290_000;Cir351646-2018-Pass2-Tron2-Chiro_1_00290_000;"5e9ff7cb5d4d3fbc4200002b;Cir351646-2018-Pass2-Tron2-Chiro_1_00290_000"
5e9ff7cd5d4d3fbc4200003f;Cir820685-2017-Pass2-Tron10-Chiro_0_00330_000;Cir820685-2017-Pass2-Tron10-Chiro_0_00330_000;Cir820685-2017-Pass2-Tron10-Chiro_1_00330_000;Cir820685-2017-Pass2-Tron10-Chiro_1_00330_000;"5e9ff7cd5d4d3fbc4200003f;Cir820685-2017-Pass2-Tron10-Chiro_1_00330_000"
5e9ff7cd5d4d3fbc42000043;Cir861550-2017-Pass2-Tron9-Chiro_1_00105_000;Cir861550-2017-Pass2-Tron9-Chiro_0_00105_000;Cir861550-2017-Pass2-Tron9-Chiro_1_00105_000;Cir861550-2017-Pass2-Tron9-Chiro_0_00105_000;"5e9ff7cd5d4d3fbc42000043;Cir861550-2017-Pass2-Tron9-Chiro_0_00105_000"
5e9ff7ce5d4d3fbc4200004f;Cir398-2018-Pass2-Tron8-Chiro_1_00060_000;Cir398-2018-Pass2-Tron8-Chiro_0_00060_000;Cir398-2018-Pass2-Tron8-Chiro_1_00060_000;Cir398-2018-Pass2-Tron8-Chiro_0_00060_000;"5e9ff7ce5d4d3fbc4200004f;Cir398-2018-Pass2-Tron8-Chiro_0_00060_000"
5ef300eb67da67001175b2d0;Cir62-2020-Pass1-Tron8-Chiro_1_00265_000;Cir62-2020-Pass1-Tron8-Chiro_0_00265_000;Cir62-2020-Pass1-Tron8-Chiro_1_00265_000;Cir62-2020-Pass1-Tron8-Chiro_0_00265_000;"5ef300eb67da67001175b2d0;Cir62-2020-Pass1-Tron8-Chiro_0_00265_000"
5f6084691fe1e200111058b0;Cir440730-2020-Pass2-Tron4-Chiro_1_00184_930;Cir440730-2020-Pass2-Tron4-Chiro_0_00184_930;Cir440730-2020-Pass2-Tron4-Chiro_1_00184_930;Cir440730-2020-Pass2-Tron4-Chiro_0_00184_930;"5f6084691fe1e200111058b0;Cir440730-2020-Pass2-Tron4-Chiro_0_00184_930"
5f74b2be876abd000f542e0e;Cir126-2020-Pass1-Tron9-Chiro_1_00175_000;Cir126-2020-Pass1-Tron9-Chiro_0_00175_000;Cir126-2020-Pass1-Tron9-Chiro_1_00175_000;Cir126-2020-Pass1-Tron9-Chiro_0_00175_000;"5f74b2be876abd000f542e0e;Cir126-2020-Pass1-Tron9-Chiro_0_00175_000"
5fdc6f0d1feb080011564597;Cir176-2020-Pass1-Tron6-Chiro_1_00190_000;Cir176-2020-Pass1-Tron6-Chiro_0_00190_000;Cir176-2020-Pass1-Tron6-Chiro_1_00190_000;Cir176-2020-Pass1-Tron6-Chiro_0_00190_000;"5fdc6f0d1feb080011564597;Cir176-2020-Pass1-Tron6-Chiro_0_00190_000"
5fe3121a463f180011f34298;Cir438-2020-Pass1-Tron2-Chiro_1_00065_000;Cir438-2020-Pass1-Tron2-Chiro_0_00065_000;Cir438-2020-Pass1-Tron2-Chiro_1_00065_000;Cir438-2020-Pass1-Tron2-Chiro_0_00065_000;"5fe3121a463f180011f34298;Cir438-2020-Pass1-Tron2-Chiro_0_00065_000"
60e2b615027908000f7c9b86;Cir81-2021-Pass1-Tron1-Chiro_0_00125_000;Cir81-2021-Pass1-Tron1-Chiro_0_00125_000;Cir81-2021-Pass1-Tron1-Chiro_1_00125_000;Cir81-2021-Pass1-Tron1-Chiro_1_00125_000;"60e2b615027908000f7c9b86;Cir81-2021-Pass1-Tron1-Chiro_1_00125_000"
6107c0ed6ce6675a92cf90cf;Cir84-2021-Pass1-Tron7-Chiro_0_00055_000;Cir84-2021-Pass1-Tron7-Chiro_0_00055_000;Cir84-2021-Pass1-Tron7-Chiro_1_00055_000;Cir84-2021-Pass1-Tron7-Chiro_1_00055_000;"6107c0ed6ce6675a92cf90cf;Cir84-2021-Pass1-Tron7-Chiro_1_00055_000"
611be1f59d244d9367d9c5df;Cir619-2021-Pass1-Tron2-Chiro_1_00420_000;Cir619-2021-Pass1-Tron2-Chiro_0_00420_000;Cir619-2021-Pass1-Tron2-Chiro_1_00420_000;Cir619-2021-Pass1-Tron2-Chiro_0_00420_000;"611be1f59d244d9367d9c5df;Cir619-2021-Pass1-Tron2-Chiro_0_00420_000"
611e4e1bf403f7ed18fd09d7;Cir82-2021-Pass2-Tron8-Chiro_0_00165_000;Cir82-2021-Pass2-Tron8-Chiro_0_00165_000;Cir82-2021-Pass2-Tron8-Chiro_1_00165_000;Cir82-2021-Pass2-Tron8-Chiro_1_00165_000;"611e4e1bf403f7ed18fd09d7;Cir82-2021-Pass2-Tron8-Chiro_1_00165_000"
613f5d66f5c24b8d97b3fcf3;Cir440-2021-Pass2-Tron4-Chiro_1_00040_000;Cir440-2021-Pass2-Tron4-Chiro_0_00040_000;Cir440-2021-Pass2-Tron4-Chiro_1_00040_000;Cir440-2021-Pass2-Tron4-Chiro_0_00040_000;"613f5d66f5c24b8d97b3fcf3;Cir440-2021-Pass2-Tron4-Chiro_0_00040_000"
572113636889e8000d41b5f2;Cir351213-2015-Pass1-Tron7-Chiro_0_00010_000;;;;
577bdb7389a6e5000de42a88;Cir153-2011-Pass2-Tron3-Chiro_1_00290_000;;;;
577f84db69bc94000ccdf4a0;Cir127-2013-Pass1-Tron7-Chiro_0_00195_000;;;;
5785ff51a4fd00000d078ecb;Cir160-2013-Pass2-Tron6-Chiro_1_00100_000;;;;
57860245033d97000e5048ad;Cir158-2013-Pass2-Tron3-Chiro_1_00260_000;;;;
57860245033d97000e5048ad;Cir158-2013-Pass2-Tron7-Chiro_1_00275_000;;;;
5790a7113d2942000eda98d5;Cir158-2014-Pass2-Tron10-Chiro_1_00295_000;;;;
5792129aa449d9000c3a0b0c;Cir153-2014-Pass1-Tron4-Chiro_0_00270_000;;;;
5798cd28fc1573000c0030fb;Cir151376-2010-Pass1-Tron2-Chiro_1_00115_000;;;;
57bb0f8b189513000e79507f;Cir434-2015-Pass1-Tron9-Chiro_0_00055_000;;;;
57bb132c189513000ce421ec;Cir438-2015-Pass1-Tron4-Chiro_1_00360_000;;;;
57bb132c189513000ce421ec;Cir438-2015-Pass1-Tron4-Chiro_0_00365_000;;;;
57bb13c6992d9c000ec80512;Cir439-2015-Pass1-Tron3-Chiro_0_00290_000;;;;
57bd50cf2417ea000e145f11;Cir19-2014-Pass1-Tron4-Chiro_0_00355_000;;;;
57bd52ecffdbe1000d56297e;Cir439-2014-Pass1-Tron8-Chiro_0_00200_000;;;;
57bea53cedd490000cf64dbb;Cir435-2013-Pass1-Tron1-Chiro_0_00080_000;;;;
57d026f88346500024dffa37;Cir438-2010-Pass1-Tron5-Chiro_0_00070_000;;;;
57d028608346500021b079c8;Cir436-2010-Pass2-Tron1-Chiro_0_00240_000;;;;
57e163f4a544d3000cce7de0;Cir176-2016-Pass2-Tron4-Chiro_0_00150_000;;;;
57e270820c6165000ea80900;Cir441278-2016-Pass1-Tron3-Chiro_0_00060_000;;;;
57fcf91a094acd000e508d77;Cir382-2016-Pass1-Tron1-Chiro_0_00155_000;;;;
57fcf91a094acd000e508d77;Cir382-2016-Pass1-Tron3-Chiro_0_00240_000;;;;
57ffac57b7c8d4000d36d34a;Cir2-2006-Pass2-Tron11-Chiro_0_00039_985;;;;
57fface8e403ab000d6ec7cc;Cir3-2006-Pass1-Tron9-Chiro_0_00239_909;;;;
57ffafb1b7c8d4000d36d39a;Cir6-2006-Pass1-Tron9-Chiro_0_00044_983;;;;
5804ef29ab5c17000c266af7;Cir380-2010-Pass1-Tron2-Chiro_0_00129_950;;;;
5804efb0cdb46e000e85b3d3;Cir380-2010-Pass2-Tron4-Chiro_1_00210_000;;;;
581710b8d9629c000c77f13e;Cir7-2007-Pass2-Tron1-Chiro_1_00019_992;;;;
58171f27d9629c000db0e6f3;Cir37-2007-Pass1-Tron2-Chiro_0_00179_931;;;;
5817415f460bba000cb73001;Cir61-2007-Pass1-Tron7-Chiro_0_00014_994;;;;
581cbf7b530660000cdb89b5;Cir94-2007-Pass2-Tron8-Chiro_0_00014_994;;;;
582474d9c4cffa000d284a82;Cir6-2008-Pass2-Tron8-Chiro_1_00129_950;;;;
58247be2c4cffa000e881704;Cir11-2008-Pass1-Tron3-Chiro_0_00044_983;;;;
58247be2c4cffa000e881704;Cir11-2008-Pass1-Tron5-Chiro_0_00214_918;;;;
58247dac50f6b2000e918881;Cir14-2008-Pass2-Tron8-Chiro_0_00294_888;;;;
5824b5bcc4cffa000d284ba7;Cir37-2009-Pass1-Tron6-Chiro_0_00024_990;;;;
582b1087783121000e306a4b;Cir63-2008-Pass1-Tron10-Chiro_0_00039_985;;;;
582b1087783121000e306a4b;Cir63-2008-Pass1-Tron9-Chiro_0_00104_960;;;;
582b136d783121000fce8c11;Cir64-2008-Pass1-Tron4-Chiro_0_00284_891;;;;
582c5cc2f769f8000fde0204;Cir80-2008-Pass2-Tron7-Chiro_0_00214_918;;;;
582d725eca7450000d770f9a;Cir105-2008-Pass1-Tron6-Chiro_0_00064_975;;;;
582d72bfca7450000f88f111;Cir105-2008-Pass2-Tron10-Chiro_0_00389_851;;;;
582d72bfca7450000f88f111;Cir105-2008-Pass2-Tron4-Chiro_0_00109_958;;;;
582d767351c70b000fd34811;Cir332150-2008-Pass2-Tron5-Chiro_0_00189_928;;;;
5831aee91d3078000f5c37b8;Cir112-2008-Pass1-Tron4-Chiro_0_00169_935;;;;
5836dbf618fd61000eb30d38;Cir122-2008-Pass1-Tron10-Chiro_0_00065_000;;;;
5889e8c17ac9bdd021000033;Cir10-2010-Pass1-Tron4-Chiro_0_00049_981;;;;
588a24cd7ac9bd081c00007f;Cir126-2011-Pass1-Tron6-Chiro_1_00130_000;;;;
588a24cd7ac9bd081c0000a7;Cir130-2009-Pass1-Tron8-Chiro_0_00060_000;;;;
588a24cd7ac9bd081c0000ad;Cir131-2010-Pass1-Tron8-Chiro_1_00104_960;;;;
588a24ce7ac9bd081c0000b3;Cir131-2009-Pass2-Tron9-Chiro_0_00104_960;;;;
588b0add7ac9bd081c000159;Cir910186-2010-Pass1-Tron9-Chiro_0_00015_000;;;;
588b0ade7ac9bd081c000189;Cir159-2008-Pass1-Tron7-Chiro_0_00074_971;;;;
588b0ae07ac9bd081c0001e7;Cir190-2009-Pass2-Tron6-Chiro_0_00160_000;;;;
588b0ae07ac9bd081c0001eb;Cir191-2009-Pass2-Tron7-Chiro_0_00215_000;;;;
588b0ae77ac9bd081c00034b;Cir021745-2010-Pass2-Tron1-Chiro_0_00285_000;;;;
588b0ae97ac9bd081c000399;Cir57-2012-Pass1-Tron1-Chiro_0_00005_000;;;;
588b0aec7ac9bd081c00042a;Cir83-2010-Pass2-Tron1-Chiro_1_00100_000;;;;
588b0aec7ac9bd081c000432;Cir83-2010-Pass1-Tron1-Chiro_1_00095_000;;;;
588b0aec7ac9bd081c000436;Cir83-2012-Pass1-Tron9-Chiro_1_00220_000;;;;
588b0aec7ac9bd081c000440;Cir84-2009-Pass2-Tron4-Chiro_1_00350_000;;;;
588b0aed7ac9bd081c000474;Cir87-2012-Pass1-Tron10-Chiro_1_00345_000;;;;
58c1c2fd1d1968f8140000b6;Cir750016-2012-Pass1-Tron8-Chiro_0_00289_890;;;;
58c1c2fe1d1968f8140000be;Cir940008-2010-Pass2-Tron13-Chiro_0_00005_000;;;;
58c1c2fe1d1968f8140000be;Cir940008-2010-Pass2-Tron3-Chiro_0_00235_000;;;;
58c1c2fe1d1968f8140000c8;Cir750007-2009-Pass1-Tron4-Chiro_0_00049_981;;;;
58c1c2fe1d1968f8140000ca;Cir750008-2009-Pass1-Tron10-Chiro_0_00344_869;;;;
58c1c3071d1968f814000174;Cir81-2011-Pass2-Tron2-Chiro_1_00250_000;;;;
58c1c3081d1968f814000178;Cir82-2011-Pass1-Tron10-Chiro_1_00345_000;;;;
58c1c3081d1968f814000180;Cir84-2011-Pass2-Tron5-Chiro_1_00385_000;;;;
58c27a07e9638b000d065110;Cir436-2009-Pass2-Tron10-Chiro_0_00420_000;;;;
58c58d6cf829ca000e3dcdb1;Cir910049-2008-Pass1-Tron4-Chiro_0_00345_000;;;;
58c81044457f84000e50cea0;Cir290367-2011-Pass1-Tron6-Chiro_0_00210_000;;;;
58c93cf882ec0a000d14cd62;Cir910186-2009-Pass2-Tron9-Chiro_0_00000_000;;;;
58cfa6fda4d398000f54619e;Cir179-2009-Pass1-Tron9-Chiro_0_00105_000;;;;
58cfb5c78ca97e000dc708cf;Cir267-2009-Pass2-Tron7-Chiro_1_00270_000;;;;
58d28968119aeb000d0f7816;Cir265-2010-Pass1-Tron1-Chiro_0_00220_000;;;;
595a0a953c1282000df111c7;Cir8-2010-Pass1-Tron8-Chiro_0_00020_000;;;;
595a0ba73c1282000df111d0;Cir6-2010-Pass1-Tron3-Chiro_0_00094_964;;;;
5971bd4014cbac000d1a7cf3;Cir80-2017-Pass1-Tron2-Chiro_1_00065_000;;;;
597705c491a93e000f3277f9;Cir82-2017-Pass1-Tron6-Chiro_1_00230_000;;;;
59819f8d88b57c000e06c242;Cir84-2017-Pass1-Tron2-Chiro_1_00200_000;;;;
59a8051109b71b000e3aa148;Cir86-2016-Pass2-Tron4-Chiro_1_00260_000;;;;
59b241828d102f000d670052;Cir127-2017-Pass1-Tron2-Chiro_0_00185_000;;;;
5ae9c9df2a276f000ef4b19e;Cir12-2015-Pass1-Tron9-Chiro_0_00185_000;;;;
5b88f6fda69992000ed4eca8;Cir87-2018-Pass2-Tron4-Chiro_1_00325_000;;;;
5bb34f521fd7c8000f957b0f;Cir435-2018-Pass1-Tron9-Chiro_0_00255_000;;;;
5bb4ce03b245a9000f3f3279;Cir436-2018-Pass2-Tron2-Chiro_0_00115_000;;;;
5bb627bd0eb4fc000dcd1e34;Cir438-2018-Pass2-Tron1-Chiro_0_00134_949;;;;
5bb70e3b2e5008000df92804;Cir439-2018-Pass2-Tron9-Chiro_0_00129_950;;;;
5cab1292bb0acb00165dafea;Cir625-2018-Pass1-Tron1-Chiro_0_00075_000;;;;
5cab2ad2bb0acb000f8fe0fa;Cir624-2018-Pass1-Tron3-Chiro_0_00665_000;;;;
5dd26f04993dee000d894c4d;Cir623-2019-Pass1-Tron8-Chiro_0_00435_000;;;;
5dd26f04993dee000d894c4d;Cir623-2019-Pass1-Tron8-Chiro_0_00560_000;;;;
5dd29fb6eaec2e000f9d76e7;Cir622-2019-Pass1-Tron6-Chiro_0_00400_000;;;;
5e2066c4ca3748000e643857;Cir438-2019-Pass2-Tron2-Chiro_0_00045_000;;;;
5e9ff7cb5d4d3fbc4200002b;Cir351646-2018-Pass2-Tron2-Chiro_1_00290_000;;;;
5e9ff7cd5d4d3fbc4200003f;Cir820685-2017-Pass2-Tron10-Chiro_1_00330_000;;;;
5e9ff7cd5d4d3fbc42000043;Cir861550-2017-Pass2-Tron9-Chiro_0_00105_000;;;;
5e9ff7ce5d4d3fbc4200004f;Cir398-2018-Pass2-Tron8-Chiro_0_00060_000;;;;
5ef300eb67da67001175b2d0;Cir62-2020-Pass1-Tron8-Chiro_0_00265_000;;;;
5f6084691fe1e200111058b0;Cir440730-2020-Pass2-Tron4-Chiro_0_00184_930;;;;
5f74b2be876abd000f542e0e;Cir126-2020-Pass1-Tron9-Chiro_0_00175_000;;;;
5fdc6f0d1feb080011564597;Cir176-2020-Pass1-Tron6-Chiro_0_00190_000;;;;
5fe3121a463f180011f34298;Cir438-2020-Pass1-Tron2-Chiro_0_00065_000;;;;
60e2b615027908000f7c9b86;Cir81-2021-Pass1-Tron1-Chiro_1_00125_000;;;;
6107c0ed6ce6675a92cf90cf;Cir84-2021-Pass1-Tron7-Chiro_1_00055_000;;;;
611be1f59d244d9367d9c5df;Cir619-2021-Pass1-Tron2-Chiro_0_00420_000;;;;
611e4e1bf403f7ed18fd09d7;Cir82-2021-Pass2-Tron8-Chiro_1_00165_000;;;;
613f5d66f5c24b8d97b3fcf3;Cir440-2021-Pass2-Tron4-Chiro_0_00040_000;;;;
571fa853e99fba000d3749c2;Cir416-2015-Pass1-Tron3-Chiro_1_00265_000.wav;;;;
572042696889e8000e6511fc;Cir350004-2015-Pass1-Tron5-Chiro_1_00330_000.wav;;;;
5776764d060efa000e4b249f;Cir446-2014-Pass1-Tron17-Chiro_0_00085_000.wav;;;;
577a2fa618d9df000c595542;Cir220061-2010-Pass1-Tron7-Chiro_0_00305_000.wav;;;;
57838f3ce9e96b000c3688cd;Cir294-2016-Pass1-Tron7-Chiro_1_00200_000.wav;;;;
5783a742c59a01000df977d9;Cir49-2013-Pass2-Tron5-Chiro_1_00130_000.wav;;;;
5785fe62a4fd00000ce7f8eb;Cir160-2013-Pass1-Tron1-Chiro_1_00140_000.wav;;;;
578606b0033d97000e5048e2;Cir262-2013-Pass1-Tron1-Chiro_0_00109_958.wav;;;;
578f4b53c2250f000d934839;Cir83-2016-Pass1-Tron6-Chiro_0_00005_000.wav;;;;
57ac89d4d79f8a000ee0130b;Cir151376-2008-Pass1-Tron8-Chiro_1_00149_943.wav;;;;
57b33d9af16cf3000eeef9bf;Cir12-2014-Pass1-Tron9-Chiro_0_00005_000.wav;;;;
57bb0cec992d9c000ddde832;Cir177-2015-Pass2-Tron6-Chiro_1_00040_000.wav;;;;
57bb12a9992d9c000ec80508;Cir437-2015-Pass2-Tron8-Chiro_1_00345_000.wav;;;;
57bd5433ffdbe1000e09f124;Cir435-2014-Pass1-Tron9-Chiro_1_00080_000.wav;;;;
57bd5c1cffdbe1000c46a8ed;Cir437-2014-Pass1-Tron6-Chiro_1_00005_000.wav;;;;
57bea5c11fae99000d7609bd;Cir434-2013-Pass2-Tron5-Chiro_1_00345_000.wav;;;;
57bf132b346d52000c131e7d;Cir19-2012-Pass2-Tron1-Chiro_0_00370_000.wav;;;;
57d020708aeca2000c3a14ea;Cir62-2016-Pass2-Tron9-Chiro_1_00040_000.wav;;;;
57d65ea15f51c6000d5f386c;Cir83-2016-Pass2-Tron1-Chiro_1_00190_000.wav;;;;
57d6a648c7d3010015559c07;Cir290722-2016-Pass2-Tron9-Chiro_1_00035_000.wav;;;;
57d70623c7d301001555a640;Cir19-2008-Pass3-Tron4-Chiro_1_00164_937.wav;;;;
57e3a7a61a1ab8000c830ab9;Cir300764-2013-Pass2-Tron7-Chiro_1_00115_000.wav;;;;
57fceeb29b643c000d119d88;Cir220885-2015-Pass1-Tron1-Chiro_1_00320_000.wav;;;;
57fd5fbf094acd000c8b8246;Cir382-2016-Pass2-Tron2-Chiro_0_00345_000.wav;;;;
5800c605e52a91000ee470ea;Cir621401-2006-Pass2-Tron10-Chiro_1_00134_949.wav;;;;
58170f46d9629c000c77f129;Cir5-2007-Pass1-Tron3-Chiro_1_00029_989.wav;;;;
58171eda460bba000d4ba352;Cir36-2007-Pass2-Tron5-Chiro_1_00264_899.wav;;;;
58171eda460bba000d4ba352;Cir36-2007-Pass2-Tron5-Chiro_1_00264_899.wav;;;;
58171f27d9629c000db0e6f3;Cir37-2007-Pass1-Tron10-Chiro_1_00254_903.wav;;;;
58171f89460bba000d4ba35f;Cir37-2007-Pass2-Tron2-Chiro_1_00099_962.wav;;;;
581cbf12530660000df17c73;Cir94-2007-Pass1-Tron1-Chiro_1_00234_910.wav;;;;
5824734750f6b2000e918850;Cir4-2008-Pass1-Tron10-Chiro_0_00024_990.wav;;;;
582891a16950e2000eb96a40;Cir45-2008-Pass1-Tron8-Chiro_1_00229_912.wav;;;;
582adcf0783121000d716554;Cir239-2014-Pass2-Tron4-Chiro_1_00020_000.wav;;;;
582b0d70783121000fce8be6;Cir58-2008-Pass1-Tron10-Chiro_1_00034_987.wav;;;;
58347341e5f738000eba3377;Cir116-2008-Pass1-Tron3-Chiro_1_00230_000.wav;;;;
5836d9f6e472ac000d4261bb;Cir121-2008-Pass2-Tron9-Chiro_1_00380_000.wav;;;;
5836e4ad18fd61000dc96dd4;Cir127-2008-Pass2-Tron8-Chiro_1_00295_000.wav;;;;
588a24cb7ac9bd081c000043;Cir113-2009-Pass1-Tron9-Chiro_1_00305_000.wav;;;;
588a24cc7ac9bd081c000057;Cir123-2010-Pass1-Tron4-Chiro_1_00130_000.wav;;;;
588a24cc7ac9bd081c000075;Cir126-2009-Pass1-Tron11-Chiro_1_00240_000.wav;;;;
588a24cd7ac9bd081c0000a5;Cir130-2010-Pass1-Tron9-Chiro_1_00000_000.wav;;;;
588b0ade7ac9bd081c00016f;Cir158-2008-Pass1-Tron4-Chiro_0_00044_983.wav;;;;
588b0adf7ac9bd081c000197;Cir160-2009-Pass2-Tron9-Chiro_0_00120_000.wav;;;;
588b0ae17ac9bd081c000221;Cir750010-2011-Pass1-Tron8-Chiro_1_00165_000.wav;;;;
588b0ae37ac9bd081c000261;Cir750024-2010-Pass1-Tron4-Chiro_1_00120_000.wav;;;;
588b0ae57ac9bd081c0002d3;Cir300-2011-Pass1-Tron8-Chiro_1_00215_000.wav;;;;
588b0ae67ac9bd081c000317;Cir530699-2012-Pass2-Tron4-Chiro_1_00115_000.wav;;;;
588b0ae97ac9bd081c000399;Cir57-2012-Pass1-Tron8-Chiro_1_00060_000.wav;;;;
588b0ae97ac9bd081c0003b7;Cir58-2010-Pass1-Tron10-Chiro_0_00040_000.wav;;;;
588b0aea7ac9bd081c0003c5;Cir59-2010-Pass1-Tron10-Chiro_1_00240_000.wav;;;;
588b0aea7ac9bd081c0003c9;Cir59-2011-Pass1-Tron4-Chiro_1_00350_000.wav;;;;
588b0aeb7ac9bd081c0003ef;Cir65-2012-Pass1-Tron10-Chiro_1_00225_000.wav;;;;
588b0aeb7ac9bd081c000403;Cir80-2009-Pass1-Tron4-Chiro_0_00260_000.wav;;;;
588b0aeb7ac9bd081c000416;Cir81-2010-Pass2-Tron2-Chiro_0_00330_000.wav;;;;
588b0aed7ac9bd081c000468;Cir86-2010-Pass2-Tron2-Chiro_0_00145_000.wav;;;;
588b0aee7ac9bd081c000496;Cir42-2009-Pass1-Tron10-Chiro_1_00105_000.wav;;;;
58ac3a56c9cf21000df935da;Cir427-2016-Pass2-Tron8-Chiro_0_00049_981.wav;;;;
58ade252a1ca6f000e4b2278;Cir427-2015-Pass2-Tron3-Chiro_0_00049_981.wav;;;;
58c1c2fa1d1968f814000076;Cir158-2012-Pass1-Tron9-Chiro_1_00310_000.wav;;;;
58c1c3081d1968f814000180;Cir84-2011-Pass2-Tron2-Chiro_0_00070_000.wav;;;;
58c27829971c8b000e770945;Cir434-2009-Pass3-Tron1-Chiro_1_00195_000.wav;;;;
58c27a7ae9638b000ef2a648;Cir436-2009-Pass4-Tron10-Chiro_0_00345_000.wav;;;;
58c27ba7e9638b000d065114;Cir438-2009-Pass2-Tron2-Chiro_1_00280_000.wav;;;;
58c27c57e9638b000d065118;Cir439-2009-Pass3-Tron8-Chiro_1_00270_000.wav;;;;
58c41594a550be000ee8a6d8;Cir750021-2008-Pass1-Tron6-Chiro_1_00090_000.wav;;;;
58c54759f829ca000d64edfb;Cir750025-2008-Pass1-Tron9-Chiro_1_00170_000.wav;;;;
58c93cf882ec0a000d14cd62;Cir910186-2009-Pass2-Tron2-Chiro_1_00260_000.wav;;;;
58c9a8c15d5d52000f630477;Cir831049-2011-Pass2-Tron5-Chiro_1_00145_000.wav;;;;
58cfa0b7a4d398000d936a84;Cir108-2009-Pass1-Tron2-Chiro_0_00320_000.wav;;;;
58cfa58e8ca97e000ffc0209;Cir178-2009-Pass1-Tron2-Chiro_1_00100_000.wav;;;;
58d21855614444000f96e2c3;Cir3-2012-Pass1-Tron12-Chiro_1_00130_000.wav;;;;
58d24d90614444000eacb3c6;Cir266-2012-Pass2-Tron8-Chiro_1_00159_939.wav;;;;
58d530ad9a603d000ee62fad;Cir84-2014-Pass1-Tron8-Chiro_1_00120_000.wav;;;;
595a5bc4b2444c000f1e67fa;Cir43-2010-Pass1-Tron9-Chiro_1_00070_000.wav;;;;
595ba87add1e50000e56836e;Cir71-2010-Pass2-Tron1-Chiro_0_00034_987.wav;;;;
595ce759ba901b000d888dd0;Cir750016-2017-Pass1-Tron8-Chiro_0_00175_000.wav;;;;
59636e7e0c2234000d2f9b5d;Cir581117-2011-Pass1-Tron9-Chiro_0_00024_990.wav;;;;
597b2e3c95df34000e8ea7fd;Cir87-2017-Pass1-Tron6-Chiro_0_00090_000.wav;;;;
59a6ae22b711e4000db305d9;Cir82-2016-Pass2-Tron2-Chiro_0_00045_000.wav;;;;
59a6ae22b711e4000db305d9;Cir85-2017-Pass2-Tron2-Chiro_0_00030_000.wav;;;;
59bfb466dfc814000e82c083;Cir58-2017-Pass1-Tron9-Chiro_0_00185_000.wav;;;;
5a09993091129a000f960424;Cir435-2017-Pass2-Tron3-Chiro_1_00065_000.wav;;;;
5a0afe41c0d9e5000d35b7f0;Cir439-2017-Pass2-Tron3-Chiro_1_00180_000.wav;;;;
5a25516ff6dfcb000f11045e;Cir130682-2015-Pass1-Tron8-Chiro_1_00080_000.wav;;;;
5a37d4b6a5a31d000fa335a1;Cir220061-2017-Pass1-Tron1-Chiro_1_00205_000.wav;;;;
5b30f000f46ce0000d15c6cc;Cir740103-2018-Pass2-Tron1-Chiro_0_20180614_355.wav;;;;
5b6d7d47e6b769000d331ecc;Cir461-2018-Pass1-Tron10-Chiro_0_00210_000.wav;;;;
5b98f2b17bce4e000f8c8f66;Cir350004-2018-Pass2-Tron10-Chiro_1_00150_000.wav;;;;
5ba1fe1bb1c76a000f3cbb7a;Cir428-2018-Pass1-Tron10-Chiro_1_00230_000.wav;;;;
5bae4e902c63d0000d36c54c;Cir434-2018-Pass2-Tron8-Chiro_1_00010_000.wav;;;;
5d3845e7ae3be7000efb41c0;Cir83-2019-Pass1-Tron5-Chiro_0_00100_000.wav;;;;
5d4299c6e07fe3000d75d578;Cir86-2019-Pass1-Tron8-Chiro_0_00235_000.wav;;;;
5d6e841129fb8f000f6ced02;Cir771114-2019-Pass1-Tron2-Chiro_1_00060_000.wav;;;;
5d6fa09850a98b000f4758e4;Cir62-2019-Pass2-Tron5-Chiro_1_00145_000.wav;;;;
5daffda730f24b000d0f6167;Cir294-2019-Pass2-Tron10-Chiro_0_00260_000.wav;;;;
5e0c6614c397b3000d6e6a5f;Cir19-2019-Pass1-Tron1-Chiro_1_00305_000.wav;;;;
5f0430974f3219000fa1a3bd;Cir85-2020-Pass1-Tron10-Chiro_0_00090_000.wav;;;;
5f228a2b8d3466000f755c1c;Cir84-2020-Pass1-Tron1-Chiro_0_00035_000.wav;;;;
5f68a3e5325473000fad1c4d;Cir381952-2020-Pass2-Tron4-Chiro_00225_000.wav;;;;
5f996aa55af85d000fc245a9;Cir623-2020-Pass1-Tron9-Chiro_1_00250_000.wav;;;;
601f9b997af29e00114913d8;Cir619-2020-Pass2-Tron9-Chiro_0_00450_000.wav;;;;
607fbed8dd93850010c5d8c9;Cir292-2020-Pass1-Tron10-Chiro_1_00010_000.wav;;;;
60cca6e01423f4000ff25527;Cir87-2021-Pass1-Tron4-Chiro_0_00235_000.wav;;;;
60e71233d2f94a00114a6189;Cir123-2021-Pass1-Tron6-Chiro_1_00235_000.wav;;;;
611bd264ce13ccffdabd3118;Cir435-2021-Pass1-Tron7-Chiro_1_00195_000.wav;;;;
6128b7282233557c207ac0d9;Cir81-2021-Pass2-Tron3-Chiro_0_00045_000.wav;;;;
6128c098066f58ba110ec801;Cir83-2021-Pass2-Tron8-Chiro_0_00235_000.wav;;;;
612f42e41fbb436970b9c99b;Cir87-2021-Pass2-Tron1-Chiro_1_00255_000.wav;;;;
613f5abd67e30e2b570537b1;Cir439-2021-Pass2-Tron4-Chiro_1_00010_000.wav;;;;
571fa853e99fba000d3749c2;Cir416-2015-Pass1-Tron3-Chiro_0_00265_000.wav;;;;
572042696889e8000e6511fc;Cir350004-2015-Pass1-Tron5-Chiro_0_00330_000.wav;;;;
5776764d060efa000e4b249f;Cir446-2014-Pass1-Tron17-Chiro_1_00085_000.wav;;;;
577a2fa618d9df000c595542;Cir220061-2010-Pass1-Tron7-Chiro_1_00305_000.wav;;;;
57838f3ce9e96b000c3688cd;Cir294-2016-Pass1-Tron7-Chiro_0_00200_000.wav;;;;
5783a742c59a01000df977d9;Cir49-2013-Pass2-Tron5-Chiro_0_00130_000.wav;;;;
5785fe62a4fd00000ce7f8eb;Cir160-2013-Pass1-Tron1-Chiro_0_00140_000.wav;;;;
578606b0033d97000e5048e2;Cir262-2013-Pass1-Tron1-Chiro_1_00109_958.wav;;;;
578f4b53c2250f000d934839;Cir83-2016-Pass1-Tron6-Chiro_1_00005_000.wav;;;;
57ac89d4d79f8a000ee0130b;Cir151376-2008-Pass1-Tron8-Chiro_0_00149_943.wav;;;;
57b33d9af16cf3000eeef9bf;Cir12-2014-Pass1-Tron9-Chiro_1_00005_000.wav;;;;
57bb0cec992d9c000ddde832;Cir177-2015-Pass2-Tron6-Chiro_0_00040_000.wav;;;;
57bb12a9992d9c000ec80508;Cir437-2015-Pass2-Tron8-Chiro_0_00345_000.wav;;;;
57bd5433ffdbe1000e09f124;Cir435-2014-Pass1-Tron9-Chiro_0_00080_000.wav;;;;
57bd5c1cffdbe1000c46a8ed;Cir437-2014-Pass1-Tron6-Chiro_0_00005_000.wav;;;;
57bea5c11fae99000d7609bd;Cir434-2013-Pass2-Tron5-Chiro_0_00345_000.wav;;;;
57bf132b346d52000c131e7d;Cir19-2012-Pass2-Tron1-Chiro_1_00370_000.wav;;;;
57d020708aeca2000c3a14ea;Cir62-2016-Pass2-Tron9-Chiro_0_00040_000.wav;;;;
57d65ea15f51c6000d5f386c;Cir83-2016-Pass2-Tron1-Chiro_0_00190_000.wav;;;;
57d6a648c7d3010015559c07;Cir290722-2016-Pass2-Tron9-Chiro_0_00035_000.wav;;;;
57d70623c7d301001555a640;Cir19-2008-Pass3-Tron4-Chiro_0_00164_937.wav;;;;
57e3a7a61a1ab8000c830ab9;Cir300764-2013-Pass2-Tron7-Chiro_0_00115_000.wav;;;;
57fceeb29b643c000d119d88;Cir220885-2015-Pass1-Tron1-Chiro_0_00320_000.wav;;;;
57fd5fbf094acd000c8b8246;Cir382-2016-Pass2-Tron2-Chiro_1_00345_000.wav;;;;
5800c605e52a91000ee470ea;Cir621401-2006-Pass2-Tron10-Chiro_0_00134_949.wav;;;;
58170f46d9629c000c77f129;Cir5-2007-Pass1-Tron3-Chiro_0_00029_989.wav;;;;
58171eda460bba000d4ba352;Cir36-2007-Pass2-Tron5-Chiro_0_00264_899.wav;;;;
58171eda460bba000d4ba352;Cir36-2007-Pass2-Tron5-Chiro_0_00264_899.wav;;;;
58171f27d9629c000db0e6f3;Cir37-2007-Pass1-Tron10-Chiro_0_00254_903.wav;;;;
58171f89460bba000d4ba35f;Cir37-2007-Pass2-Tron2-Chiro_0_00099_962.wav;;;;
581cbf12530660000df17c73;Cir94-2007-Pass1-Tron1-Chiro_0_00234_910.wav;;;;
5824734750f6b2000e918850;Cir4-2008-Pass1-Tron10-Chiro_1_00024_990.wav;;;;
582891a16950e2000eb96a40;Cir45-2008-Pass1-Tron8-Chiro_0_00229_912.wav;;;;
582adcf0783121000d716554;Cir239-2014-Pass2-Tron4-Chiro_0_00020_000.wav;;;;
582b0d70783121000fce8be6;Cir58-2008-Pass1-Tron10-Chiro_0_00034_987.wav;;;;
58347341e5f738000eba3377;Cir116-2008-Pass1-Tron3-Chiro_0_00230_000.wav;;;;
5836d9f6e472ac000d4261bb;Cir121-2008-Pass2-Tron9-Chiro_0_00380_000.wav;;;;
5836e4ad18fd61000dc96dd4;Cir127-2008-Pass2-Tron8-Chiro_0_00295_000.wav;;;;
588a24cb7ac9bd081c000043;Cir113-2009-Pass1-Tron9-Chiro_0_00305_000.wav;;;;
588a24cc7ac9bd081c000057;Cir123-2010-Pass1-Tron4-Chiro_0_00130_000.wav;;;;
588a24cc7ac9bd081c000075;Cir126-2009-Pass1-Tron11-Chiro_0_00240_000.wav;;;;
588a24cd7ac9bd081c0000a5;Cir130-2010-Pass1-Tron9-Chiro_0_00000_000.wav;;;;
588b0ade7ac9bd081c00016f;Cir158-2008-Pass1-Tron4-Chiro_1_00044_983.wav;;;;
588b0adf7ac9bd081c000197;Cir160-2009-Pass2-Tron9-Chiro_1_00120_000.wav;;;;
588b0ae17ac9bd081c000221;Cir750010-2011-Pass1-Tron8-Chiro_0_00165_000.wav;;;;
588b0ae37ac9bd081c000261;Cir750024-2010-Pass1-Tron4-Chiro_0_00120_000.wav;;;;
588b0ae57ac9bd081c0002d3;Cir300-2011-Pass1-Tron8-Chiro_0_00215_000.wav;;;;
588b0ae67ac9bd081c000317;Cir530699-2012-Pass2-Tron4-Chiro_0_00115_000.wav;;;;
588b0ae97ac9bd081c000399;Cir57-2012-Pass1-Tron8-Chiro_0_00060_000.wav;;;;
588b0ae97ac9bd081c0003b7;Cir58-2010-Pass1-Tron10-Chiro_1_00040_000.wav;;;;
588b0aea7ac9bd081c0003c5;Cir59-2010-Pass1-Tron10-Chiro_0_00240_000.wav;;;;
588b0aea7ac9bd081c0003c9;Cir59-2011-Pass1-Tron4-Chiro_0_00350_000.wav;;;;
588b0aeb7ac9bd081c0003ef;Cir65-2012-Pass1-Tron10-Chiro_0_00225_000.wav;;;;
588b0aeb7ac9bd081c000403;Cir80-2009-Pass1-Tron4-Chiro_1_00260_000.wav;;;;
588b0aeb7ac9bd081c000416;Cir81-2010-Pass2-Tron2-Chiro_1_00330_000.wav;;;;
588b0aed7ac9bd081c000468;Cir86-2010-Pass2-Tron2-Chiro_1_00145_000.wav;;;;
588b0aee7ac9bd081c000496;Cir42-2009-Pass1-Tron10-Chiro_0_00105_000.wav;;;;
58ac3a56c9cf21000df935da;Cir427-2016-Pass2-Tron8-Chiro_1_00049_981.wav;;;;
58ade252a1ca6f000e4b2278;Cir427-2015-Pass2-Tron3-Chiro_1_00049_981.wav;;;;
58c1c2fa1d1968f814000076;Cir158-2012-Pass1-Tron9-Chiro_0_00310_000.wav;;;;
58c1c3081d1968f814000180;Cir84-2011-Pass2-Tron2-Chiro_1_00070_000.wav;;;;
58c27829971c8b000e770945;Cir434-2009-Pass3-Tron1-Chiro_0_00195_000.wav;;;;
58c27a7ae9638b000ef2a648;Cir436-2009-Pass4-Tron10-Chiro_1_00345_000.wav;;;;
58c27ba7e9638b000d065114;Cir438-2009-Pass2-Tron2-Chiro_0_00280_000.wav;;;;
58c27c57e9638b000d065118;Cir439-2009-Pass3-Tron8-Chiro_0_00270_000.wav;;;;
58c41594a550be000ee8a6d8;Cir750021-2008-Pass1-Tron6-Chiro_0_00090_000.wav;;;;
58c54759f829ca000d64edfb;Cir750025-2008-Pass1-Tron9-Chiro_0_00170_000.wav;;;;
58c93cf882ec0a000d14cd62;Cir910186-2009-Pass2-Tron2-Chiro_0_00260_000.wav;;;;
58c9a8c15d5d52000f630477;Cir831049-2011-Pass2-Tron5-Chiro_0_00145_000.wav;;;;
58cfa0b7a4d398000d936a84;Cir108-2009-Pass1-Tron2-Chiro_1_00320_000.wav;;;;
58cfa58e8ca97e000ffc0209;Cir178-2009-Pass1-Tron2-Chiro_0_00100_000.wav;;;;
58d21855614444000f96e2c3;Cir3-2012-Pass1-Tron12-Chiro_0_00130_000.wav;;;;
58d24d90614444000eacb3c6;Cir266-2012-Pass2-Tron8-Chiro_0_00159_939.wav;;;;
58d530ad9a603d000ee62fad;Cir84-2014-Pass1-Tron8-Chiro_0_00120_000.wav;;;;
595a5bc4b2444c000f1e67fa;Cir43-2010-Pass1-Tron9-Chiro_0_00070_000.wav;;;;
595ba87add1e50000e56836e;Cir71-2010-Pass2-Tron1-Chiro_1_00034_987.wav;;;;
595ce759ba901b000d888dd0;Cir750016-2017-Pass1-Tron8-Chiro_1_00175_000.wav;;;;
59636e7e0c2234000d2f9b5d;Cir581117-2011-Pass1-Tron9-Chiro_1_00024_990.wav;;;;
597b2e3c95df34000e8ea7fd;Cir87-2017-Pass1-Tron6-Chiro_1_00090_000.wav;;;;
59a6ae22b711e4000db305d9;Cir82-2016-Pass2-Tron2-Chiro_1_00045_000.wav;;;;
59a6ae22b711e4000db305d9;Cir85-2017-Pass2-Tron2-Chiro_1_00030_000.wav;;;;
59bfb466dfc814000e82c083;Cir58-2017-Pass1-Tron9-Chiro_1_00185_000.wav;;;;
5a09993091129a000f960424;Cir435-2017-Pass2-Tron3-Chiro_0_00065_000.wav;;;;
5a0afe41c0d9e5000d35b7f0;Cir439-2017-Pass2-Tron3-Chiro_0_00180_000.wav;;;;
5a25516ff6dfcb000f11045e;Cir130682-2015-Pass1-Tron8-Chiro_0_00080_000.wav;;;;
5a37d4b6a5a31d000fa335a1;Cir220061-2017-Pass1-Tron1-Chiro_0_00205_000.wav;;;;
5b30f000f46ce0000d15c6cc;Cir740103-2018-Pass2-Tron1-Chiro_1_20180614_355.wav;;;;
5b6d7d47e6b769000d331ecc;Cir461-2018-Pass1-Tron10-Chiro_1_00210_000.wav;;;;
5b98f2b17bce4e000f8c8f66;Cir350004-2018-Pass2-Tron10-Chiro_0_00150_000.wav;;;;
5ba1fe1bb1c76a000f3cbb7a;Cir428-2018-Pass1-Tron10-Chiro_0_00230_000.wav;;;;
5bae4e902c63d0000d36c54c;Cir434-2018-Pass2-Tron8-Chiro_0_00010_000.wav;;;;
5d3845e7ae3be7000efb41c0;Cir83-2019-Pass1-Tron5-Chiro_1_00100_000.wav;;;;
5d4299c6e07fe3000d75d578;Cir86-2019-Pass1-Tron8-Chiro_1_00235_000.wav;;;;
5d6e841129fb8f000f6ced02;Cir771114-2019-Pass1-Tron2-Chiro_0_00060_000.wav;;;;
5d6fa09850a98b000f4758e4;Cir62-2019-Pass2-Tron5-Chiro_0_00145_000.wav;;;;
5daffda730f24b000d0f6167;Cir294-2019-Pass2-Tron10-Chiro_1_00260_000.wav;;;;
5e0c6614c397b3000d6e6a5f;Cir19-2019-Pass1-Tron1-Chiro_0_00305_000.wav;;;;
5f0430974f3219000fa1a3bd;Cir85-2020-Pass1-Tron10-Chiro_1_00090_000.wav;;;;
5f228a2b8d3466000f755c1c;Cir84-2020-Pass1-Tron1-Chiro_1_00035_000.wav;;;;
5f68a3e5325473000fad1c4d;Cir381952-2020-Pass2-Tron4-Chiro_00225_000.wav;;;;
5f996aa55af85d000fc245a9;Cir623-2020-Pass1-Tron9-Chiro_0_00250_000.wav;;;;
601f9b997af29e00114913d8;Cir619-2020-Pass2-Tron9-Chiro_1_00450_000.wav;;;;
607fbed8dd93850010c5d8c9;Cir292-2020-Pass1-Tron10-Chiro_0_00010_000.wav;;;;
60cca6e01423f4000ff25527;Cir87-2021-Pass1-Tron4-Chiro_1_00235_000.wav;;;;
60e71233d2f94a00114a6189;Cir123-2021-Pass1-Tron6-Chiro_0_00235_000.wav;;;;
611bd264ce13ccffdabd3118;Cir435-2021-Pass1-Tron7-Chiro_0_00195_000.wav;;;;
6128b7282233557c207ac0d9;Cir81-2021-Pass2-Tron3-Chiro_1_00045_000.wav;;;;
6128c098066f58ba110ec801;Cir83-2021-Pass2-Tron8-Chiro_1_00235_000.wav;;;;
612f42e41fbb436970b9c99b;Cir87-2021-Pass2-Tron1-Chiro_0_00255_000.wav;;;;
613f5abd67e30e2b570537b1;Cir439-2021-Pass2-Tron4-Chiro_0_00010_000.wav;;;;
